-19, -38, 995
-21, -39, 979
-19, -36, 989
-18, -41, 984
-24, -37, 987
-20, -33, 988
-25, -29, 985
-20, -36, 983
-20, -27, 982
-19, -40, 989
-17, -34, 989
-20, -37, 983
-20, -35, 990
-13, -34, 985
-24, -39, 990
-16, -40, 988
-24, -36, 986
-18, -38, 985
-20, -38, 979
-18, -33, 987
-18, -36, 989
-13, -38, 990
-14, -37, 989
-22, -39, 985
-18, -43, 988
-17, -43, 984
-19, -35, 991
-20, -41, 983
-20, -36, 983
-19, -41, 986
-25, -37, 992
-16, -38, 989
-17, -39, 987
-12, -43, 991
-20, -35, 994
-26, -40, 987
-23, -35, 987
-22, -39, 981
-25, -42, 987
-27, -39, 990
-26, -43, 984
-23, -39, 987
-22, -38, 985
-18, -37, 984
-19, -37, 994
-22, -37, 981
-24, -39, 982
-19, -42, 987
-27, -40, 989
-19, -37, 989
-44, 208, 1015
146, -12, 1012
-15, 111, 1044
60, 157, 992
108, -575, 995
125, -133, 1674
-9, -168, 1247
140, 2, 794
225, 204, 918
129, -1, 1217
266, -120, 1438
476, -99, 1019
456, -4, 767
432, 140, 696
395, 253, 875
517, 242, 1031
566, 76, 646
471, 88, 532
471, 194, 455
414, 43, 234
608, 598, 464
691, 572, 294
510, 519, 157
516, 602, -33
648, 340, 178
652, 752, -41
548, 826, -175
338, 991, 16
189, 961, -148
104, 696, -168
392, 1027, -1
339, 736, -81
421, 715, -83
74, 876, -145
97, 1052, -64
123, 897, -81
104, 964, -5
38, 760, -112
-243, 952, -45
-329, 1203, -14
-220, 1243, 44
-166, 942, 35
-67, 683, 33
-234, 657, -63
-530, 800, -69
-697, 1035, 2
-574, 914, 114
-302, 894, 166
-376, 785, 175
-644, 670, 4
-840, 789, -46
-673, 517, -96
-604, 544, 64
-711, 767, 267
-713, 835, 136
-640, 678, 46
-753, 639, 33
-625, 481, 108
-708, 564, 164
-791, 611, 166
-788, 614, 198
-799, 676, 189
-792, 566, 145
-804, 378, -62
-837, 340, 202
-896, 492, 85
-822, 384, 59
-948, 258, 94
-953, 257, 57
-925, 274, -91
-1062, 279, -152
-881, 234, -185
-937, 158, -296
-841, 212, -296
-925, 126, -260
-1050, 61, -215
-1128, -113, 79
-1042, -240, -71
-1135, 266, -337
-972, 605, -451
-949, -544, -479
-1238, -250, -53
-1186, -66, 85
-921, 36, -17
-584, 45, -394
-718, -71, -346
-815, -310, -48
-1762, -462, 344
-1257, -404, -29
-1027, -341, 224
-875, -436, 208
-766, -286, 407
-810, -360, 413
-845, -270, 589
-770, -323, 778
-584, -328, 704
-435, -329, 769
-346, -308, 732
-324, -351, 846
-346, -510, 1127
-58, -254, 654
-69, -185, 772
25, -142, 900
20, -161, 1190
53, -190, 1217
35, 100, 978
242, 137, 506
385, 53, 846
405, 7, 897
449, 140, 987
342, 222, 1019
631, 396, 788
659, 446, 828
586, 406, 723
616, 164, 614
625, 275, 680
728, 294, 548
723, 467, 527
723, 517, 508
650, 357, 488
650, 339, 562
704, 498, 566
684, 467, 512
728, 546, 414
750, 481, 342
729, 357, 325
775, 421, 329
760, 448, 334
748, 436, 278
730, 575, 290
775, 486, 196
838, 468, 155
858, 444, 139
896, 463, 92
889, 592, 147
808, 615, 161
865, 490, 117
888, 411, 37
892, 364, 0
925, 398, -22
887, 405, 29
786, 546, 113
907, 505, 62
910, 394, -71
847, 273, -68
738, 233, -102
940, 385, -243
1000, 504, -279
962, 365, -305
767, 276, -210
698, 265, -93
810, 553, -386
910, 451, -479
849, 315, -708
710, 108, -604
469, -54, -403
629, 380, -414
582, 447, -662
601, 367, -849
417, 76, -922
453, 24, -961
324, 125, -802
402, 238, -861
402, 402, -993
304, 251, -975
177, 82, -982
130, 55, -881
42, 106, -910
38, 160, -1035
131, 201, -1110
-59, 65, -910
-137, 148, -918
-131, 185, -945
-92, 261, -1068
-132, 219, -1210
-168, -122, -1060
-291, -82, -848
-282, 236, -747
-83, -283, -588
-176, 99, -839
-645, 300, -1148
-791, 282, -961
-399, 404, -883
-140, 303, -640
-263, 428, -589
-427, 129, -1005
-774, -133, -1131
-643, 272, -862
-468, 429, -729
-447, 560, -867
-369, 68, -936
-720, 183, -664
-854, 417, -667
-659, 501, -531
-589, 737, -616
-817, 147, -649
-992, 367, -441
-588, 159, -492
-722, 286, -554
-901, 308, -571
-860, 357, -507
-861, 182, -303
-875, 229, -109
-831, 401, -200
-907, 376, -283
-865, 194, -328
-911, 453, -200
-1018, 380, 68
-926, 552, -23
-808, 441, -108
-803, 299, -195
-911, 275, -24
-995, 312, 144
-902, 413, 307
-930, 439, 339
-951, 389, 302
-899, 377, 359
-872, 202, 235
-844, 194, 330
-845, 219, 493
-793, 392, 691
-880, 292, 658
-885, 132, 556
-739, 42, 513
-717, 63, 616
-614, 15, 716
-622, 17, 777
-630, 96, 838
-673, -27, 782
-659, -129, 734
-552, -86, 779
-585, -14, 749
-650, -104, 710
-563, -66, 546
-544, -12, 869
-656, 126, 942
-614, -23, 818
-639, -132, 763
-626, -32, 692
-711, -22, 629
-768, 101, 572
-818, 72, 528
-762, -112, 554
-786, -161, 736
-895, -203, 805
-933, -132, 621
-986, -335, 566
-973, -460, 213
-923, -399, 301
-908, -482, 397
-852, -606, 236
-884, -700, 283
-994, -691, 309
-964, -955, -611
-734, -683, -250
-836, -652, 49
-886, -746, 218
-693, -751, 291
-590, -801, 177
-682, -1023, -102
-564, -1190, -304
-479, -1072, -260
-315, -767, -16
-217, -823, 209
-67, -975, -178
124, -1125, -246
88, -929, -177
-54, -851, -57
-56, -965, 36
66, -1093, -208
98, -1047, -202
147, -966, -153
141, -1080, -208
134, -980, -315
226, -1020, -378
154, -874, -84
194, -1014, -51
191, -857, -202
307, -980, -554
299, -1118, -678
121, -1039, -430
89, -937, -246
129, -717, -209
222, -723, -453
181, -710, -706
213, -949, -1295
130, -786, -890
285, -640, -594
121, -500, -717
-223, -589, -775
-111, -529, -939
63, -454, -1070
-143, -320, -1004
-402, -241, -827
-483, -260, -887
-469, -240, -922
-416, -299, -1149
-382, -107, -991
-511, -35, -577
-646, -112, -537
-686, -142, -781
-610, -154, -780
-761, 15, -812
-750, 143, -715
-812, 27, -528
-888, -195, -468
-902, -93, -598
-963, 61, -662
-881, 71, -526
-997, 65, -388
-926, -110, -554
-857, -133, -507
-959, -75, -366
-1025, -27, -138
-1001, -124, -169
-1038, -192, -214
-884, -41, -346
-870, -50, -385
-976, -65, -288
-1042, -47, -124
-972, -118, -109
-950, -114, -157
-913, -180, -195
-925, 48, -196
-961, -47, -116
-1012, -32, -115
-1003, -54, -145
-963, -93, -176
-1030, -217, -62
-1040, -57, 5
-1052, -43, -12
-1117, -82, -60
-1071, -23, -226
-1034, -127, 67
-933, -79, 111
-965, -33, -99
-922, 122, 69
-945, -106, 125
-1007, -54, 302
-1107, -302, 313
-1111, -121, 34
-1052, -55, 112
-914, -90, 117
-894, -71, 169
-1035, 0, 402
-1123, -21, 400
-1081, -75, 309
-963, -115, 242
-920, -135, 249
-881, -78, 315
-890, -62, 385
-994, -103, 632
-959, -125, 456
-877, -115, 361
-838, -103, 470
-852, -79, 491
-885, -62, 557
-842, -92, 518
-854, -80, 574
-821, -100, 614
-803, -93, 584
-781, -75, 588
-780, -49, 611
-808, -109, 631
-778, -126, 690
-792, -55, 750
-713, -46, 645
-699, -73, 659
-702, -81, 681
-713, -54, 779
-678, -19, 754
-682, 26, 775
-626, 45, 686
-621, 4, 671
-673, -12, 837
-636, 83, 817
-637, 144, 815
-616, 104, 690
-566, 130, 611
-626, 153, 750
-677, 224, 873
-636, 216, 830
-617, 231, 725
-591, 239, 651
-604, 245, 643
-636, 280, 683
-657, 316, 704
-663, 342, 695
-673, 250, 678
-672, 232, 597
-697, 267, 579
-739, 308, 567
-744, 322, 543
-802, 333, 635
-813, 302, 524
-792, 219, 494
-817, 274, 466
-857, 277, 469
-916, 267, 462
-943, 203, 490
-895, 175, 390
-861, 179, 291
-894, 195, 287
-957, 197, 341
-982, 165, 342
-987, 136, 312
-911, 96, 205
-909, 52, 202
-1085, 91, 260
-1079, 94, 279
-999, 55, 203
-969, 77, 145
-948, 22, 156
-980, -14, 171
-1015, -25, 135
-1061, -71, 178
-1022, -119, 157
-968, -141, 54
-1015, -121, 110
-1067, -146, 103
-1022, -184, 62
-1020, -244, 92
-939, -226, 58
-960, -256, 49
-985, -291, 12
-956, -293, 31
-982, -353, 106
-966, -397, 93
-943, -431, 87
-945, -464, 125
-776, -555, 25
-956, -323, 101
-935, -567, 157
-879, -526, 179
-857, -634, 246
-834, -576, 201
-778, -525, 108
-827, -547, 211
-806, -570, 306
-799, -617, 286
-798, -640, 441
-727, -625, 385
-744, -595, 336
-739, -585, 439
-691, -584, 384
-656, -588, 419
-678, -621, 534
-663, -630, 550
-667, -589, 530
-646, -536, 548
-631, -562, 687
-619, -590, 680
-592, -499, 613
-517, -385, 685
-547, -376, 781
-559, -292, 797
-591, -276, 891
-548, -259, 816
-511, -183, 807
-476, -80, 751
-529, -11, 867
-567, 105, 875
-561, 64, 885
-536, 52, 807
-550, 147, 738
-575, 199, 770
-595, 233, 735
-637, 262, 845
-605, 251, 716
-652, 229, 677
-651, 263, 661
-669, 306, 720
-663, 302, 690
-707, 259, 679
-707, 275, 618
-706, 359, 556
-693, 450, 494
-733, 400, 541
-757, 411, 573
-775, 407, 521
-780, 462, 399
-770, 517, 278
-780, 516, 247
-832, 460, 334
-842, 393, 397
-895, 434, 398
-1044, 684, 135
-755, 475, 71
-882, 501, 138
-889, 450, 71
-864, 491, 52
-781, 482, 67
-872, 505, 17
-933, 423, -106
-867, 395, -265
-795, 412, -182
-835, 374, -101
-947, 332, -185
-981, 342, -224
-891, 307, -213
-811, 346, -364
-883, 274, -287
-976, 262, -292
-998, 125, -233
-949, 93, -253
-900, 156, -322
-1002, 114, -240
-986, -1, -217
-935, -39, -291
-966, -89, -264
-961, -68, -284
-936, -114, -299
-962, -188, -250
-959, -194, -257
-983, -187, -250
-1006, -275, -214
-976, -313, -201
-942, -286, -207
-907, -331, -261
-925, -336, -274
-967, -390, -222
-933, -422, -160
-944, -482, -113
-899, -507, -198
-901, -483, -197
-871, -460, -127
-902, -510, -21
-912, -500, 17
-833, -555, -27
-886, -660, -126
-869, -644, -3
-813, -551, 96
-808, -486, 265
-724, -587, 104
-800, -619, 78
-779, -630, 150
-765, -620, 274
-760, -600, 386
-866, -630, 599
-860, -558, 516
-722, -549, 237
-660, -450, 305
-703, -430, 539
-735, -414, 580
-813, -462, 719
-822, -422, 802
-704, -375, 552
-645, -269, 538
-661, -194, 691
-714, -182, 748
-759, -160, 875
-660, -138, 707
-608, -108, 648
-624, -30, 722
-643, 66, 764
-687, 101, 859
-667, 169, 777
-631, 106, 660
-602, 158, 673
-647, 325, 721
-689, 333, 781
-687, 362, 708
-644, 355, 523
-635, 393, 471
-685, 509, 553
-727, 526, 560
-738, 474, 599
-711, 507, 438
-638, 579, 254
-682, 701, 338
-774, 730, 437
-727, 626, 303
-610, 527, 204
-624, 630, 38
-678, 728, 123
-784, 747, 91
-780, 772, 110
-639, 659, -58
-584, 647, -83
-698, 675, -87
-780, 718, -63
-710, 682, -141
-604, 620, -231
-603, 596, -300
-731, 619, -442
-758, 562, -363
-622, 570, -324
-640, 564, -315
-579, 455, -444
-673, 476, -663
-733, 356, -736
-763, 405, -419
-698, 344, -557
-629, 230, -765
-651, 263, -752
-674, 229, -763
-741, 184, -682
-610, 133, -700
-757, 105, -725
-754, 58, -649
-629, 70, -667
-605, -133, -830
-718, 65, -630
-820, -70, -624
-687, -85, -702
-750, -222, -728
-843, -116, -656
-868, -232, -587
-725, -279, -577
-824, -296, -584
-787, -268, -640
-788, -361, -607
-747, -428, -568
-808, -427, -481
-791, -451, -429
-828, -466, -478
-701, -546, -464
-715, -508, -395
-834, -597, -197
-819, -708, -217
-808, -688, -370
-656, -641, -389
-633, -615, -340
-944, -746, -91
-838, -787, 82
-697, -775, -108
-635, -750, -134
-659, -785, -47
-645, -751, -3
-655, -720, 182
-569, -721, 287
-725, -720, 272
-724, -768, 204
-630, -765, 112
-581, -760, 380
-546, -759, 439
-598, -815, 561
-670, -829, 620
-585, -629, 551
-583, -582, 467
-555, -512, 576
-524, -432, 733
-603, -521, 735
-572, -393, 706
-581, -305, 703
-639, -265, 797
-630, -178, 790
-623, -117, 940
-594, -130, 896
-531, -102, 809
-534, 8, 860
-526, 138, 866
-547, 198, 865
-497, 164, 895
-455, 129, 819
-453, 186, 830
-426, 300, 833
-449, 369, 809
-478, 381, 821
-487, 364, 796
-468, 370, 803
-417, 398, 708
-403, 456, 664
-484, 510, 671
-554, 560, 765
-542, 509, 731
-471, 477, 598
-465, 563, 506
-479, 613, 475
-534, 631, 555
-559, 666, 596
-547, 651, 555
-510, 680, 425
-376, 740, 263
-511, 688, 369
-538, 699, 418
-495, 760, 321
-500, 760, 276
-482, 780, 181
-475, 844, 119
-501, 772, 187
-545, 820, 179
-525, 834, 130
-509, 774, 17
-502, 743, -68
-561, 797, 14
-495, 826, 37
-603, 830, -76
-631, 716, -193
-537, 658, -242
-567, 776, -125
-673, 881, -85
-618, 794, -198
-544, 691, -382
-562, 651, -330
-564, 635, -296
-637, 629, -396
-649, 622, -454
-635, 633, -507
-604, 604, -423
-688, 542, -446
-655, 505, -482
-653, 506, -585
-699, 463, -606
-710, 396, -575
-740, 355, -509
-742, 303, -521
-706, 289, -567
-842, 218, -734
-831, 203, -704
-739, 135, -648
-694, 71, -611
-684, 45, -656
-783, -40, -692
-834, -55, -773
-704, -63, -757
-714, -143, -646
-642, -178, -662
-723, -279, -661
-701, -211, -702
-687, -275, -661
-684, -326, -681
-657, -312, -649
-705, -409, -663
-704, -453, -683
-691, -502, -676
-677, -489, -519
-703, -578, -460
-793, -683, -478
-718, -525, -496
-597, -517, -538
-580, -662, -506
-687, -779, -359
-717, -773, -224
-604, -738, -194
-609, -766, -284
-627, -866, -274
-611, -906, -161
-562, -853, -99
-523, -803, -50
-557, -816, -65
-554, -888, 112
-606, -979, 159
-458, -968, 100
-394, -909, 136
-437, -840, 184
-435, -788, 310
-515, -967, 476
-496, -935, 516
-416, -783, 461
-426, -717, 495
-420, -643, 545
-443, -617, 684
-481, -661, 754
-408, -635, 667
-447, -605, 737
-416, -511, 684
-367, -520, 727
-458, -466, 911
-367, -450, 884
-387, -407, 866
-384, -326, 816
-382, -251, 833
-391, -224, 806
-391, -158, 986
-328, -158, 978
-266, -137, 948
-268, -60, 999
-265, 4, 960
-264, 44, 972
-300, 95, 1024
-302, 101, 981
-211, 54, 884
-263, 124, 960
-288, 199, 960
-265, 220, 905
-281, 248, 915
-199, 201, 902
-328, 275, 887
-265, 337, 857
-310, 379, 858
-308, 339, 806
-314, 315, 844
-340, 361, 885
-334, 467, 915
-310, 437, 769
-310, 453, 703
-322, 404, 731
-344, 515, 875
-327, 615, 781
-297, 596, 792
-262, 463, 584
-269, 512, 647
-378, 577, 718
-356, 610, 754
-335, 664, 693
-277, 645, 536
-397, 507, 588
-444, 622, 565
-472, 684, 548
-480, 734, 595
-459, 771, 548
-404, 738, 442
-362, 698, 391
-422, 712, 379
-439, 765, 380
-508, 923, 436
-455, 976, 391
-373, 820, 264
-335, 711, 183
-333, 764, 173
-427, 854, 203
-445, 901, 170
-486, 841, 72
-293, 848, 67
-400, 828, 35
-406, 909, -18
-474, 956, -124
-402, 853, -122
-401, 872, -70
-413, 825, -185
-395, 850, -282
-382, 852, -277
-340, 806, -279
-358, 795, -281
-418, 834, -283
-396, 827, -377
-334, 770, -420
-302, 734, -446
-343, 799, -441
-377, 786, -479
-373, 793, -461
-341, 755, -455
-332, 726, -514
-353, 736, -550
-312, 760, -539
-380, 641, -714
-306, 661, -410
-321, 678, -582
-337, 664, -688
-360, 667, -740
-330, 613, -699
-271, 624, -710
-310, 550, -597
-304, 499, -860
-257, 501, -798
-188, 640, -706
-294, 646, -778
-300, 456, -831
-195, 349, -812
-200, 387, -819
-221, 493, -877
-330, 535, -869
-256, 347, -949
-148, 322, -832
-116, 291, -887
-259, 342, -953
-300, 206, -1045
-142, 198, -923
-102, 236, -910
-136, 130, -921
-252, 37, -1105
-316, 26, -1041
-138, 55, -873
-216, -14, -969
-304, -104, -1088
-143, -152, -995
-100, -182, -947
-266, -201, -1033
31, -364, -970
-54, -370, -996
-79, -418, -905
-137, -402, -792
-28, -477, -846
43, -502, -1061
-15, -470, -924
-41, -602, -944
-32, -513, -790
-68, -534, -791
-178, -598, -928
-223, -665, -760
53, -712, -1280
17, -583, -808
-159, -704, -831
-177, -777, -700
-140, -751, -639
-140, -737, -656
-81, -769, -654
-153, -887, -632
-181, -975, -564
-178, -941, -486
-67, -784, -511
-42, -838, -471
-111, -921, -455
-215, -1038, -426
-132, -961, -398
-100, -1017, -349
-101, -1003, -284
-100, -898, -242
-136, -924, -304
-215, -1037, -182
-196, -1094, -130
-216, -1074, -57
-204, -966, 6
92, -754, -65
-181, -939, 37
-319, -1115, 103
-326, -1083, 201
-159, -912, 238
-163, -860, 250
-254, -882, 320
-394, -1066, 386
-385, -981, 428
-277, -933, 412
-229, -888, 420
-311, -813, 514
-281, -816, 530
-363, -907, 562
-445, -962, 532
-568, -822, 706
-468, -642, 653
-289, -1076, 688
52, -782, 399
-237, -648, 743
-440, -737, 796
-408, -687, 819
-382, -817, 738
-421, -667, 598
-66, -809, 468
173, -493, 783
-269, -492, 981
-359, -438, 970
-208, -675, 903
-128, -868, 603
-213, -743, 642
11, -411, 831
-263, -536, 945
-233, -538, 867
-233, -561, 759
-207, -438, 860
-351, -677, 736
-209, -348, 969
-210, -262, 889
-166, -343, 953
-177, -427, 803
-117, -340, 873
-215, -331, 1079
-133, -124, 1044
-307, -503, 760
-100, -97, 840
-155, -70, 920
-89, -169, 946
-103, -214, 994
-109, -184, 989
-143, -146, 1039
-101, -94, 977
-51, -26, 917
-138, -41, 1030
-149, -13, 1093
-152, -44, 1054
-109, -40, 973
-89, -89, 927
-82, -18, 885
-148, 52, 1048
-136, -8, 1079
-178, -59, 1077
-146, -40, 965
-121, 14, 927
-154, 46, 941
-157, -6, 1027
-195, -1, 1028
-199, 27, 1013
-192, 120, 958
-273, 195, 888
-275, 86, 927
-177, 81, 972
-214, 141, 1003
-121, 233, 961
-20, 284, 953
-66, 148, 891
-170, 183, 859
-195, 213, 929
-207, 287, 980
-127, 229, 1006
37, 179, 928
3, 207, 911
-62, 261, 978
-144, 307, 1016
-126, 346, 896
-33, 384, 862
12, 379, 826
-20, 368, 745
-55, 460, 864
-118, 487, 913
-199, 555, 930
-141, 468, 910
-26, 466, 695
-139, 534, 716
-96, 551, 838
-19, 758, 737
-153, 868, 733
-61, 565, 573
11, 675, 495
-102, 746, 543
-151, 843, 670
-178, 902, 718
-157, 877, 585
-26, 782, 268
-43, 751, 292
-131, 791, 400
-80, 860, 500
-55, 954, 307
-36, 933, 71
17, 890, 124
-50, 886, 312
-61, 930, 309
-32, 949, 167
101, 920, -76
79, 823, -47
-307, 1007, 198
-92, 1025, 163
221, 838, -327
112, 1005, -258
97, 1067, 180
-33, 1106, 102
45, 692, 101
190, 940, -279
245, 533, -146
162, 697, -127
62, 1038, 15
102, 990, -142
207, 835, -270
241, 720, -121
292, 864, -175
290, 956, -220
157, 973, -250
182, 896, -240
262, 851, -341
271, 839, -370
172, 982, -193
180, 932, -264
263, 834, -363
352, 867, -293
337, 791, -473
245, 782, -445
280, 811, -373
277, 823, -373
272, 821, -427
377, 796, -500
405, 799, -531
355, 788, -487
376, 737, -453
378, 735, -461
403, 658, -525
458, 736, -539
443, 682, -588
477, 612, -541
508, 683, -523
506, 600, -554
484, 597, -584
522, 600, -558
607, 608, -580
587, 602, -591
561, 545, -516
568, 511, -480
568, 492, -575
620, 529, -531
656, 545, -528
620, 552, -466
630, 477, -476
677, 478, -457
671, 518, -339
859, 450, -376
646, 525, -430
754, 490, -439
768, 528, -428
853, 454, -375
667, 631, -215
697, 398, -350
784, 476, -309
785, 409, -244
852, 481, -273
766, 515, -258
788, 473, -130
778, 482, -179
746, 506, -150
813, 576, -69
965, 444, 74
733, 403, 27
788, 531, 82
781, 561, 28
866, 431, -33
897, 535, 30
756, 337, -39
747, 428, 67
671, 610, 141
729, 693, 144
789, 654, 140
687, 518, 134
604, 453, 113
425, 661, 495
676, 786, 344
805, 647, 217
741, 707, 313
467, 404, 429
431, 668, 510
465, 743, 492
500, 684, 474
646, 627, 311
474, 670, 532
366, 662, 593
413, 608, 515
429, 605, 461
562, 752, 485
423, 754, 575
346, 722, 645
435, 605, 480
220, 656, 522
241, 750, 671
184, 695, 513
91, 739, 549
78, 694, 559
44, 672, 575
70, 727, 610
96, 786, 615
167, 739, 663
175, 616, 656
162, 605, 727
36, 608, 615
-31, 714, 646
89, 692, 763
412, 467, 521
510, 350, 958
166, 543, 902
131, 534, 796
212, 365, 823
135, 433, 730
313, 216, 932
334, 214, 808
134, 257, 854
97, 219, 816
-26, 231, 971
-83, 350, 960
106, 407, 562
-34, -82, 545
135, -224, 698
-51, -985, 1268
-371, 259, 833
-104, 326, 689
-142, 81, 842
-13, 56, 892
26, 54, 903
-62, 116, 1032
-339, 94, 1214
-131, 144, 1035
65, 28, 842
-140, -27, 987
-131, 98, 942
-167, -50, 997
-192, 27, 1067
-119, 29, 949
-117, 97, 909
-139, 145, 926
-162, 41, 938
-112, 87, 1006
-124, -58, 1095
-98, -15, 1066
-80, -28, 1036
-62, 7, 895
-62, -7, 893
-30, -102, 973
-65, -231, 831
40, 66, 1104
165, 179, 907
115, -31, 950
79, -9, 948
90, 114, 963
140, 97, 1007
200, 22, 982
171, -110, 1056
222, -16, 950
200, -32, 973
92, 66, 1010
175, 68, 962
397, 114, 924
384, 64, 1017
513, 50, 850
463, 20, 896
143, 55, 921
256, -46, 908
526, 24, 806
616, 150, 636
667, 133, 491
792, 292, 540
780, 177, 822
572, -111, 964
679, -29, 533
754, -6, 346
686, 140, 673
742, 185, 720
804, 72, 662
727, -36, 447
768, -17, 334
781, 157, 441
858, 280, 406
962, 320, 334
812, 301, 322
754, 401, 255
847, 42, 159
823, 374, -483
1201, 312, -477
1012, 147, -370
769, 380, -107
718, 492, 35
843, 390, -84
864, 268, -304
809, 235, -437
975, 433, -495
916, 587, -385
773, 394, -261
447, 310, -27
793, 504, -329
684, 577, -290
513, 696, -306
617, 601, -584
474, 598, -595
420, 705, -837
418, 732, -901
387, 583, -450
374, 671, -400
288, 699, -740
206, 657, -853
116, 642, -672
160, 855, -650
127, 538, -510
-260, 508, -1202
152, 661, -999
-42, 967, -785
35, 443, -746
-237, 388, -466
20, 959, -429
-132, 651, -673
-195, 542, -656
-236, 605, -745
-563, 941, -469
-293, 718, -601
-335, 554, -613
-407, 545, -725
-431, 622, -922
-489, 693, -719
-644, 672, -239
-498, 549, -435
-463, 530, -528
-472, 381, -757
-650, 464, -595
-606, 430, -402
-868, 503, 888
-408, 740, -528
-752, 1120, 17
-767, 555, -559
-837, 475, -588
-623, 461, -517
-614, 751, -218
-694, 862, -245
-795, 686, -346
-876, 410, -230
-718, 516, -448
-645, 768, -50
-565, 863, 186
-567, 982, 267
-568, 1097, 74
-481, 845, 15
-626, 645, 5
-678, 632, 37
-424, 578, 230
-249, 878, 393
-191, 1209, 477
-216, 1149, 420
-156, 907, 149
-269, 540, 321
-143, 793, 403
-90, 948, 545
-35, 953, 575
-60, 803, 387
-71, 608, 413
162, 881, 359
-35, 734, 798
69, 745, 613
153, 561, 472
179, 445, 591
361, 521, 541
134, 670, 704
60, 786, 717
244, 725, 513
642, 756, 475
556, 340, 563
267, 624, 717
42, 794, 764
143, 805, 659
375, 630, 614
544, 436, 563
433, 666, 714
155, 706, 769
344, 416, 595
251, 479, 574
463, 495, 673
-144, 626, 1014
29, 326, 752
288, 362, 577
336, 586, 796
-234, 458, 1171
-434, 354, 1174
-693, 71, 932
36, 190, 508
-187, 409, 969
-304, 655, 1358
-221, 305, 998
-154, 35, 609
-74, 225, 731
-372, 94, 1145
-585, -150, 974
-399, -133, 962
-157, -225, 894
-274, 138, 894
-664, 163, 857
-699, 39, 767
-573, -314, 845
-454, -315, 690
-539, -328, 736
-665, -341, 641
-778, -174, 802
-788, -445, 1007
-605, -347, 802
-698, -444, 764
-625, -404, 543
-517, -338, 586
-737, -286, 655
-815, -231, 697
-834, -173, 620
-688, -163, 571
-642, -146, 655
-595, -101, 624
-863, 73, 753
-867, 99, 739
-676, 133, 641
-557, 139, 575
-702, 246, 638
-820, 315, 768
-733, 317, 772
-525, 283, 654
-654, 419, 650
-555, 476, 593
-453, 556, 664
-343, 557, 767
-284, 560, 750
-408, 638, 722
-461, 667, 743
-252, 604, 721
-42, 568, 649
-39, 611, 501
-161, 758, 794
-143, 744, 828
-100, 564, 905
52, 442, 799
80, 455, 713
116, 406, 695
142, 421, 843
246, 171, 1092
168, 156, 975
185, 127, 959
204, 133, 821
281, -27, 726
435, -124, 815
546, -191, 946
440, -32, 900
323, -37, 919
44, -183, 943
-212, -119, 1034
-258, 35, 913
-327, -295, 1084
-402, -412, 846
-442, -308, 810
-516, -156, 848
-828, -161, 954
-751, -53, 865
-647, 38, 724
-673, -37, 639
-793, -94, 587
-873, 36, 528
-924, 114, 565
-890, 101, 619
-822, 203, 555
-840, 287, 617
-862, 407, 721
-884, 571, 464
-707, 664, 406
-572, 577, 382
-395, 613, 511
-528, 759, 694
-628, 1151, 493
-263, 1121, 343
-196, 671, 476
-122, 528, 394
84, 558, 431
57, 748, 449
157, 740, 481
330, 510, 393
344, 794, 255
445, 649, 541
399, 591, 369
479, 596, 418
711, 668, 165
706, 643, 158
786, 413, 187
725, 373, 92
706, 479, 130
886, 684, 72
799, 662, 31
786, 415, -24
898, 142, 111
875, 312, -249
1008, 495, -332
710, 740, 365
680, 557, 151
893, -1, -85
1093, -244, -396
1077, 167, -284
955, 529, -3
893, 322, 142
827, 80, 324
693, -47, 457
731, -135, -187
1087, -186, -257
1126, -44, -155
977, 66, 191
937, -1, 368
795, 96, 92
847, 220, -237
965, -111, 13
1181, -429, 2
830, -39, 1168
722, 155, 373
674, -81, 360
891, -497, 780
981, -289, 515
937, -359, 446
744, -152, 913
687, -190, 636
526, -259, 663
626, -299, 634
581, -341, 874
535, -412, 598
490, -369, 627
430, -278, 797
265, -148, 769
239, -205, 773
114, -106, 1077
136, -354, 1106
-22, -302, 1025
-65, -278, 1170
-98, -76, 1231
-147, -153, 771
-187, -306, 792
-234, -296, 866
-348, -192, 911
-473, -149, 980
-465, -166, 909
-574, -165, 944
-662, -86, 734
-698, 132, 551
-672, -110, 346
-1069, 108, 664
-1128, -240, 771
-874, -337, 439
-927, 39, 271
-1107, -34, 310
-1065, 107, 239
-990, 42, 178
-917, 4, 112
-933, -71, 88
-975, -7, -29
-841, 144, -132
-904, 75, -140
-1019, 195, -147
-1085, 315, -184
-925, 403, -259
-519, 152, -385
-673, 166, -337
-627, 400, -497
-794, 660, -430
-939, 626, -261
-793, 372, -368
-602, 339, -498
-523, 470, -515
-483, 522, -484
-736, 633, -289
-781, 730, -240
-515, 743, -416
-406, 904, -532
-665, 1141, -366
-527, 941, 123
-408, 870, -67
-441, 719, -309
-495, 1014, 81
-401, 903, 147
-421, 804, 156
-264, 951, 435
-286, 1030, 476
-250, 1031, 573
-273, 920, 477
-241, 567, 322
13, 565, 506
26, 858, 677
98, 850, 760
182, 689, 677
256, 476, 615
318, 356, 518
462, 529, 846
373, 497, 697
363, 165, 470
456, 168, 711
511, 312, 756
431, -20, 716
477, -187, 541
390, -83, 909
209, 50, 1053
-97, 84, 935
-324, -17, 717
-478, 46, 658
-611, 59, 995
-563, -203, 859
-586, -303, 585
-790, -120, 647
-1016, 170, 602
-1065, 260, 420
-989, 243, 435
-816, 112, 598
-713, -4, 600
-695, 478, 426
-683, 667, 270
-674, 941, 258
-741, 997, 497
-523, 712, 533
-491, 760, 183
-652, 1111, 40
-559, 1091, 519
-192, 1062, 717
-215, 813, 609
-95, 781, 591
-105, 863, 555
-120, 951, 680
70, 839, 687
98, 721, 762
200, 692, 623
212, 579, 520
313, 313, 485
384, 331, 595
269, 433, 651
377, 385, 679
373, 255, 683
195, 470, 776
130, 305, 616
135, 298, 735
-34, 292, 728
-231, 119, 704
-406, 77, 698
-502, 116, 803
-509, -48, 836
-691, -144, 832
-1195, 137, 635
-1002, 97, 534
-938, -184, 435
-852, -246, 467
-835, -488, 600
-881, -44, 403
-894, 369, 62
-1060, 327, -53
-981, 87, 63
-907, -28, 158
-833, 105, 119
-747, 339, 185
-863, 450, 133
-786, 618, 8
-774, 703, -16
-664, 600, 227
-698, 668, 385
-621, 781, 267
-705, 1193, 216
-734, 936, 323
-513, 622, 430
-289, 728, 474
-391, 1200, 529
-393, 1505, 747
-342, 1215, 632
-168, 633, 327
-52, 334, 293
-98, 540, 356
73, 892, 435
327, 1045, 475
467, 857, 428
449, 659, 237
479, 686, 210
589, 795, 257
833, 1004, 308
711, 1011, 227
646, 536, 111
682, 288, 71
701, 477, 257
660, 492, 225
919, 523, 140
1018, 88, 23
670, -35, 89
641, 149, 172
837, -38, 291
1292, -478, 111
870, -176, 196
783, 39, 385
687, -51, 575
761, -293, 176
120, -47, 497
-80, 216, 1290
-111, 153, 1006
-172, 33, 986
-300, 20, 982
-373, 16, 1213
-546, 123, 1250
-599, 255, 755
-658, 259, 549
-849, 168, 489
-908, 88, 680
-954, -9, 737
-956, 89, 620
-1102, 204, 576
-914, 11, 201
-843, 86, 82
-967, 132, 109
-690, 22, -181
-846, 115, -215
-1080, 241, -193
-1158, 382, -207
-934, 290, -294
-692, 159, -300
-655, 121, -306
-673, 303, -500
-664, 529, -510
-846, 824, -393
-691, 549, -440
-404, 317, -488
-572, 502, -667
-738, 1132, -447
-618, 1025, -278
-586, 759, -254
-433, 910, -386
-492, 997, -342
-324, 875, -162
-262, 827, 78
-139, 834, 29
-65, 1180, -16
24, 1098, 62
36, 747, 42
9, 832, 79
106, 790, 10
233, 956, -83
254, 1081, -83
390, 1028, 42
363, 942, -26
377, 1019, -99
381, 927, -141
367, 633, -178
393, 779, -198
438, 890, -210
501, 851, -213
508, 836, -218
586, 595, -386
552, 795, -286
617, 976, -231
619, 1048, -161
605, 1012, -151
604, 720, -132
635, 501, -224
630, 306, -65
538, 214, 69
417, -35, 189
181, -444, 244
69, -180, 116
106, 957, -287
618, 1999, 230
988, 1999, 874
813, 1663, 776
301, 52, 203
-426, -1039, 83
-180, -1000, 225
382, 683, -84
758, 1999, 656
754, 1999, 878
395, 1204, 365
184, -101, 166
-94, -714, 13
135, -518, 28
293, 1309, 463
452, 1999, 1055
585, 1999, 1256
280, 648, 415
-183, -992, -190
75, -881, 189
22, -334, 18
242, 1999, 565
576, 1999, 1097
278, 1457, 648
65, -324, 315
5, -669, 114
114, -376, 166
320, 1789, 429
531, 1999, 1054
264, 1791, 648
23, -259, 307
9, -593, 210
137, -47, 210
212, 1473, 514
446, 1999, 928
309, 1426, 667
132, 750, 488
137, 536, 471
147, 470, 555
82, 375, 521
44, 453, 522
61, 546, 918
56, 367, 944
-8, 309, 876
-80, 280, 863
-93, 283, 833
-234, 355, 974
-387, 234, 906
-637, 102, 990
-711, 116, 890
-729, 139, 725
-669, 57, 665
-927, 227, 874
-921, 160, 653
-810, 88, 473
-886, 162, 357
-866, 105, 331
-966, 93, 432
-797, 27, 316
-846, 227, 217
-1098, 289, 320
-1027, 431, 296
-1035, 619, 310
-907, 701, 325
-532, 618, 137
-186, 1025, -148
-206, 931, 412
-79, 1075, -88
-205, 782, 211
-114, 910, 659
150, 875, 536
187, 792, 369
130, 825, 272
127, 958, 303
488, 840, 111
647, 887, 82
561, 443, 353
526, 419, 528
764, 772, 300
666, 482, 190
659, 592, 331
735, 480, 59
794, 389, 217
878, 544, 108
1127, 245, 44
731, 476, 269
773, 403, 260
626, 333, 247
621, 230, 225
715, 297, 243
882, 395, 226
916, 451, 247
845, 260, 192
658, 355, 231
700, 155, 39
998, 213, -126
1048, 299, -148
1127, 136, -164
884, 218, -289
785, 25, -307
765, -33, -379
891, 181, -605
952, 310, -599
828, 309, -616
607, 359, -499
424, 563, -290
590, 717, -476
467, 935, -452
436, 973, -456
241, 811, -319
173, 880, -142
165, 872, -286
57, 996, -223
-108, 917, -310
16, 1120, -207
145, 1188, -158
287, 1121, 39
-158, 982, -28
28, 736, -179
-83, 909, -60
-140, 1174, 31
-157, 1134, 137
-133, 1111, 164
-38, 642, 48
-202, 803, 250
-507, 1036, 399
-444, 991, 391
-381, 668, 350
-566, 525, 173
-536, 742, 268
-642, 741, 473
-677, 818, 450
-365, 670, 374
-636, 367, 333
-692, 214, 762
-681, 216, 389
-639, 268, 402
-929, 393, 601
-1194, 307, 619
-1113, 173, 433
-672, 5, 431
-646, -111, 571
-884, 195, 443
-977, 390, 177
-884, 252, 232
-818, 65, 283
-876, 68, 221
-1192, -274, 334
-951, 135, -99
-876, 120, -29
-778, -156, -67
-938, -171, 78
-1168, -192, 113
-1199, -203, 115
-939, -312, -19
-876, -343, -20
-971, -331, -56
-1136, -294, -78
-1217, -426, 137
-896, -437, 46
-795, -362, -13
-771, -503, 26
-904, -562, 49
-1100, -733, 673
-1014, -488, 270
-880, -679, 474
-680, -432, 392
-626, -534, 144
-644, -688, 810
-553, -689, 716
-546, -841, 582
-385, -462, 559
-320, -334, 794
-216, -645, 1052
-124, -670, 1001
-132, -434, 899
137, -373, 827
118, -37, 792
179, -551, 1132
431, -330, 979
480, -303, 854
471, -149, 812
586, -205, 553
750, -177, 654
745, -82, 698
637, -59, 722
685, 87, 752
923, 164, 463
1012, -316, 538
790, 0, 149
649, 82, 203
975, 473, -57
1070, 393, 84
940, 198, 0
844, 228, -84
924, -11, 35
895, 315, -106
828, 537, -251
833, 46, -72
615, 963, -415
624, 493, -155
788, 432, -324
807, 429, -691
744, 459, -518
478, 293, -531
610, 457, -614
560, 628, -606
540, 609, -570
459, 560, -535
274, 758, -473
257, 705, -641
340, 721, -985
411, 628, -1078
256, 579, -653
-62, 713, -257
-75, 634, -441
109, 934, -858
133, 887, -1019
51, 747, -855
-10, 683, -683
-24, 517, -528
-207, 873, -223
-415, 834, -436
-302, 812, -673
-242, 906, -702
41, 555, -760
-36, 677, -580
-383, 664, -312
-104, 903, -957
-280, 701, -357
-333, 503, -464
-315, 691, -548
-322, 815, -567
-283, 988, -607
-281, 847, -650
-326, 656, -430
-437, 747, -340
-345, 806, -536
-244, 870, -619
-196, 933, -509
-278, 785, -509
-209, 575, -247
-315, 613, -351
-309, 843, -324
-459, 974, -169
-171, 950, -452
-90, 726, -361
-183, 792, -339
-332, 1324, -278
-351, 956, -280
-212, 914, -177
-296, 650, -158
-242, 995, -123
-161, 1111, -5
-545, 1324, 252
-392, 807, -45
-402, 368, -56
-241, 987, 170
-413, 1284, 489
-477, 1160, 361
-590, 673, 162
-400, 409, 178
-284, 470, 205
-508, 681, 498
-683, 836, 541
-738, 727, 697
-495, 347, 440
-308, 173, 474
-693, 301, 713
-795, 433, 716
-743, 225, 899
-552, -27, 708
-647, 149, 576
-874, 149, 841
-943, 102, 801
-791, 14, 647
-744, -174, 657
-810, -79, 760
-917, 41, 645
-689, -72, 657
-756, -183, 681
-677, -304, 724
-787, -511, 601
-465, -427, 703
-481, -292, 772
-491, -370, 962
-401, -658, 1011
-443, -283, 814
-303, 12, 617
302, -288, 691
570, -513, 718
551, -325, 760
230, -4, 713
147, -26, 749
477, 56, 855
757, 170, 869
954, 82, 660
892, -68, 476
721, 0, 343
320, 256, 367
703, 546, 308
965, 685, 112
1154, 641, -249
864, 371, -249
642, 433, -174
506, 577, -306
654, 744, -500
690, 480, -689
482, 431, -601
441, 533, -505
266, 526, -576
151, 852, -680
191, 691, -777
137, 545, -805
105, 575, -763
151, 804, -676
137, 784, -812
272, 824, -878
288, 924, -775
135, 822, -541
-104, 711, -179
-82, 859, -152
8, 852, -362
-166, 1038, -237
-33, 1068, -201
-54, 1100, 45
56, 904, -119
219, 567, 2
41, 991, 130
135, 1184, 391
114, 1166, 391
125, 959, 380
-8, 230, -54
-282, 561, 432
-224, 850, 522
-231, 1054, 823
-262, 968, 914
-312, 715, 892
-362, 287, 673
-222, 376, 554
-465, 329, 1004
-434, 254, 1146
-394, 200, 819
-437, 70, 864
-480, 23, 977
-414, -47, 993
-332, -111, 900
-324, -29, 536
-504, -212, 763
-376, -230, 885
-334, -339, 993
-251, -346, 1247
-239, -225, 1187
-123, 93, 918
-84, -59, 753
161, -231, 826
542, -240, 567
656, -239, 591
487, 91, 519
307, 319, 443
1211, 218, 416
1013, 346, 392
1031, 297, 51
815, 32, -152
677, 169, -26
730, 355, -70
683, 408, -161
815, 715, -192
736, 733, -168
684, 676, -318
517, 791, -325
341, 885, -377
395, 803, -512
264, 1435, 67
133, 646, -343
-24, 777, -264
-9, 914, -233
62, 846, -462
130, 995, -619
33, 1157, -405
-129, 1015, -190
-223, 873, -120
-200, 867, -142
-228, 1009, 84
-266, 886, 5
-167, 1016, 459
-273, 1161, 336
-163, 1011, 320
64, 739, 262
-156, 167, 247
-325, 629, 862
-567, 751, 1486
-207, 379, 710
-280, 57, 673
-183, -3, 596
-146, -26, 940
-357, -147, 1200
-278, -262, 953
-522, -198, 1049
-493, -305, 855
-284, -370, 654
-255, -435, 442
-574, -676, 1082
-453, -323, 1099
-420, -422, 688
-367, -777, 502
-406, -847, 398
-531, -842, 393
-147, -690, 748
-252, -747, 477
-375, -666, 232
-728, -867, 192
-772, -1392, 238
-309, -1255, 139
-554, -1788, 427
-842, -1054, 383
-455, -600, 127
-534, -1163, -49
-397, -906, -112
-717, -671, 84
-678, -832, 105
-227, -848, 95
-37, -1096, 267
-181, -1037, 518
-188, -769, 631
-301, -566, 597
-173, -780, 502
-61, -628, 375
6, -402, 460
108, -272, 633
-57, 203, 1033
-195, 337, 1173
-157, -196, 1219
159, 111, 973
17, 181, 700
-128, 324, 732
-111, 951, 1227
-110, 647, 912
-221, 510, 639
-222, 624, 348
-477, 834, 715
-527, 1004, 698
-461, 1011, 447
-462, 901, 483
25, 809, 32
-397, 833, 38
-531, 910, 42
-509, 1285, 110
-464, 873, 107
-405, 699, -156
-631, 669, -142
-479, 891, -217
-389, 940, -474
-229, 764, -520
-267, 733, -187
-214, 452, -546
-219, 535, -745
14, 672, -755
-41, 335, -282
-777, -525, -44
-448, 592, -2000
4, -97, -2000
-458, -171, -489
-206, -306, -604
-70, -84, -896
58, 198, -1270
-253, -33, -1914
-318, 288, -878
195, 43, -401
311, -195, -954
-225, 73, -1353
151, 196, -913
368, 453, -727
409, -327, -1662
233, 656, -497
607, 921, -356
584, 305, -643
734, 548, -729
542, 585, -427
682, 639, -459
604, 689, -831
570, 363, -197
626, 309, 280
692, 379, 365
754, 446, -182
670, 509, -303
594, 635, 62
568, 643, 482
311, 257, 1077
102, -80, 1391
268, 193, 1223
449, 397, 688
437, 572, 813
328, 445, 841
101, 176, 725
-99, -2, 614
-80, -35, 977
-509, 151, 1458
-391, 111, 1250
-478, 38, 946
-531, 2, 663
-572, 9, 537
-699, 72, 590
-964, -135, 825
-1042, -333, 1015
-942, -129, 889
-833, -113, 456
-861, -216, 133
-893, 53, 386
-963, -87, 778
-829, 49, 925
-756, 34, 885
-839, 46, 717
-1000, 7, 368
-1082, -64, 104
-688, 354, -140
-259, 832, -196
-130, 867, 160
-395, 786, 268
-409, 805, -72
-27, 855, -318
7, 593, -529
-39, 554, -1111
113, 1517, -593
119, 1381, 42
-57, 1026, -413
-207, -91, -984
-156, -92, -877
176, 440, -1252
286, 848, -1801
169, 1060, -1045
93, 730, -776
3, 76, -876
53, -73, -819
195, 446, -1287
177, 595, -1191
-13, -218, -597
245, 113, -1150
431, 293, -1330
315, 357, -963
284, 220, -978
374, -49, -1755
289, 254, -1376
248, 463, -403
557, -53, 290
648, 446, -540
584, 674, -953
732, 543, -310
612, 475, -134
562, 327, -305
587, 322, -286
766, 310, 93
1022, -408, 565
960, 104, 328
541, 655, -436
654, 262, -24
738, -74, 497
932, -605, 697
1171, -596, 333
857, -105, -165
785, 122, -259
816, -140, 323
1082, -488, 820
1242, -705, 527
964, -437, 353
753, -23, 195
691, -192, 479
594, -609, 739
749, -240, 718
621, -497, 585
352, -355, 632
379, -156, 608
319, -242, 617
298, -267, 716
307, -177, 834
253, -176, 749
97, 17, 903
-24, 166, 947
-7, 83, 974
76, 35, 873
0, 18, 879
-202, 268, 1058
-203, 452, 1080
-336, 480, 1211
-321, 116, 1449
-354, -63, 1313
-431, 16, 962
-475, 313, 692
-456, 522, 707
-492, 257, 945
-481, -90, 958
-609, -218, 787
-660, -59, 667
-695, 129, 748
-644, 45, 940
-671, -295, 1127
-703, -690, 1285
-828, -298, 968
-693, 62, 755
-676, 47, 664
-472, 36, 742
-604, -234, 868
-489, -2, 658
-356, -110, 705
-254, -243, 759
-271, -235, 1087
-70, -66, 757
-402, -220, 964
-33, -72, 1054
-79, -38, 1094
44, 138, 946
140, 190, 921
-33, -7, 796
141, 403, 438
323, 1017, 492
280, 1030, 745
401, 717, 690
397, 609, 853
365, 1066, 926
388, 1454, 647
317, 1051, 442
76, 504, -55
123, 323, -553
198, 1138, -510
63, 1152, -246
117, 997, -363
262, 789, -311
259, 787, -8
52, 631, -411
-76, 547, -1164
-137, 290, -1308
-114, 314, -1046
-69, 832, -1237
-49, 1054, -1032
-483, 665, -873
-491, -199, -664
14, 53, -728
-132, 517, -718
-214, 671, -960
-92, 719, -978
-25, 539, -545
23, 70, -298
-400, 14, -428
-630, 174, -1079
-584, 239, -1036
-534, 307, -813
-477, 219, -618
-679, 214, -841
-795, 437, -1046
-732, 263, -985
-490, 400, -871
-559, 378, -929
-193, 575, -600
-166, 642, -545
-434, 541, -931
-211, 295, -1008
-104, 20, -929
-119, 161, -855
78, 253, -609
135, 261, -391
32, 560, -478
-25, 612, -856
246, 518, -679
468, 734, -351
442, 612, -115
319, 359, -187
297, 339, -474
423, 489, -200
355, 340, 378
56, 169, 773
-32, 102, 916
64, 238, 626
219, 428, 1003
260, 251, 1587
139, -113, 1577
34, -65, 833
-115, 194, 718
15, 126, 1490
119, -138, 1724
-27, -553, 1546
81, -94, 1313
0, 192, 1121
8, 49, 944
-26, -202, 985
-125, -347, 987
-173, -448, 1001
-215, -132, 655
-83, -181, 1110
-84, -11, 932
-68, -133, 1045
-42, -168, 941
-89, -85, 883
-24, 166, 999
18, -55, 771
-128, 1812, 1999
-8, -117, 951
-97, -211, 1006
-137, -163, 975
-69, 166, 954
36, 343, 917
210, 128, 981
4, -121, 986
-18, -49, 988
-23, -37, 991
-22, -45, 986
-20, -39, 988
-15, -43, 983
-18, -41, 984
-20, -38, 983
-24, -35, 987
-20, -41, 990
-20, -35, 987
-21, -35, 987
-14, -37, 984
-19, -37, 988
-20, -31, 986
-24, -35, 987
-18, -41, 982
-16, -34, 987
-17, -42, 985
-14, -33, 986
-20, -35, 983
-22, -41, 995
-19, -33, 989
-14, -37, 994
-25, -36, 989
-28, -30, 990
-23, -37, 985
-13, -34, 981
-19, -44, 989
-21, -36, 987
-22, -33, 983
-14, -37, 989
-13, -37, 986
-23, -24, 979
-26, -27, 984
-21, -36, 987
-15, -43, 986
-12, -40, 993
-20, -37, 987
-17, -42, 987
-17, -37, 990
-15, -36, 989
-19, -39, 984
-21, -33, 989
-22, -37, 986
-20, -40, 983
-17, -35, 990
-18, -33, 988
-25, -32, 985
-15, -42, 987
-18, -38, 986
-18, -35, 988
-23, -30, 985
-23, -31, 986
-17, -45, 987
-18, -43, 987
-21, -36, 991
-20, -36, 982
-19, -39, 989
-17, -39, 988
-19, -36, 986
-20, -38, 989
-20, -36, 988
-18, -38, 990
-16, -42, 986
-29, -34, 990
-17, -32, 986
-15, -42, 995
-14, -38, 989
-17, -42, 981
-19, -40, 982
-23, -42, 985
-19, -41, 989
-23, -41, 987
-22, -35, 987
-23, -32, 988
-19, -38, 985
-17, -41, 986
-19, -31, 982
-19, -38, 982
-20, -38, 986
-21, -37, 984
-17, -41, 979
-18, -30, 988
-15, -35, 989
-15, -35, 996
-24, -39, 982
-23, -43, 981
-20, -34, 989
-16, -42, 986
-22, -37, 987
-15, -31, 986
-20, -38, 982
-25, -36, 982
-19, -36, 985
-18, -40, 983
-20, -37, 986
-17, -33, 991
-16, -38, 988
-16, -39, 983
-19, -34, 988
-19, -39, 983
-21, -40, 986
-21, -44, 987
-20, -38, 988
-19, -38, 989
-15, -32, 987
-18, -36, 982
-20, -42, 986
-18, -41, 985
-21, -41, 989
-20, -38, 990
-19, -38, 986
-20, -37, 986
-18, -38, 979
-19, -33, 983
-20, -40, 981
-21, -36, 984
-20, -34, 988
-19, -36, 977
-23, -40, 981
-21, -40, 985
-23, -39, 990
-23, -38, 982
