-218, -104, -437
-218, -104, -437
-218, -104, -437
-218, -104, -437
-217, -104, -437
-217, -104, -436
-217, -104, -436
-216, -104, -436
-216, -104, -435
-216, -104, -435
-216, -104, -435
-216, -104, -435
-216, -104, -434
-216, -104, -435
-216, -103, -435
-215, -103, -435
-215, -103, -435
-214, -102, -436
-215, -102, -436
-215, -102, -436
-216, -103, -436
-216, -103, -436
-217, -103, -436
-217, -103, -435
-217, -103, -435
-217, -103, -435
-217, -102, -435
-217, -103, -434
-217, -103, -434
-217, -103, -433
-218, -103, -433
-218, -103, -433
-218, -103, -433
-218, -102, -433
-218, -102, -434
-218, -102, -434
-218, -102, -434
-218, -102, -434
-219, -102, -434
-219, -102, -434
-219, -103, -434
-219, -103, -434
-218, -103, -434
-218, -103, -434
-218, -104, -434
-218, -103, -434
-218, -103, -434
-218, -103, -434
-218, -103, -433
-219, -103, -433
-218, -103, -434
-218, -103, -434
-218, -103, -434
-218, -103, -434
-218, -103, -434
-218, -103, -435
-218, -103, -435
-218, -103, -436
-217, -103, -436
-216, -103, -437
-214, -103, -437
-212, -103, -438
-211, -103, -438
-209, -103, -437
-207, -103, -437
-205, -103, -436
-203, -103, -435
-201, -103, -434
-199, -103, -434
-197, -103, -434
-195, -103, -434
-193, -103, -433
-191, -103, -433
-189, -103, -433
-187, -103, -434
-185, -103, -434
-183, -103, -434
-179, -102, -432
-175, -101, -431
-171, -100, -429
-166, -99, -428
-161, -98, -426
-156, -98, -423
-151, -97, -420
-145, -97, -417
-140, -97, -414
-134, -95, -410
-128, -93, -407
-121, -92, -403
-115, -90, -399
-109, -88, -395
-102, -86, -389
-95, -84, -383
-89, -82, -377
-82, -79, -371
-75, -77, -364
-68, -75, -356
-60, -72, -349
-53, -70, -342
-46, -67, -334
-40, -64, -325
-34, -61, -317
-27, -57, -308
-21, -54, -300
-15, -50, -290
-9, -46, -281
-4, -42, -272
1, -38, -262
6, -34, -253
10, -29, -243
13, -24, -234
16, -19, -225
20, -15, -215
22, -10, -206
24, -4, -197
26, 0, -188
28, 5, -179
30, 11, -171
32, 16, -161
34, 22, -152
35, 28, -143
37, 33, -133
38, 39, -124
39, 45, -115
40, 51, -105
41, 57, -96
41, 63, -87
39, 69, -80
36, 74, -72
33, 80, -65
30, 85, -58
26, 91, -51
21, 97, -45
16, 103, -39
11, 109, -33
6, 115, -27
1, 120, -22
-5, 125, -17
-11, 130, -11
-18, 135, -6
-25, 139, -2
-33, 144, 0
-41, 149, 3
-49, 153, 6
-57, 158, 8
-67, 162, 10
-77, 165, 11
-87, 169, 13
-97, 172, 15
-106, 176, 16
-116, 178, 16
-127, 181, 17
-137, 183, 17
-147, 186, 18
-158, 187, 17
-168, 188, 17
-178, 189, 17
-188, 190, 17
-199, 191, 17
-209, 190, 18
-219, 190, 19
-229, 189, 19
-239, 189, 20
-250, 188, 20
-260, 186, 21
-270, 183, 21
-281, 181, 22
-291, 179, 22
-301, 176, 22
-311, 173, 22
-322, 169, 22
-332, 166, 22
-342, 162, 22
-352, 156, 22
-362, 151, 22
-372, 145, 22
-382, 139, 21
-391, 133, 21
-400, 126, 21
-408, 119, 20
-417, 112, 20
-426, 104, 20
-433, 96, 19
-441, 88, 18
-448, 80, 17
-456, 71, 16
-463, 63, 15
-470, 55, 14
-477, 47, 13
-483, 39, 12
-490, 31, 10
-496, 23, 8
-502, 14, 6
-507, 6, 4
-513, -1, 2
-518, -9, 0
-523, -17, -2
-527, -24, -4
-532, -32, -7
-536, -40, -10
-540, -47, -13
-543, -54, -17
-546, -61, -20
-549, -68, -23
-552, -74, -27
-554, -80, -32
-557, -87, -37
-559, -93, -41
-562, -99, -46
-564, -104, -52
-565, -109, -58
-566, -114, -64
-568, -119, -70
-568, -124, -75
-569, -128, -82
-569, -131, -88
-569, -135, -94
-569, -138, -100
-568, -140, -106
-567, -142, -113
-566, -143, -120
-565, -145, -126
-564, -146, -133
-561, -146, -140
-559, -145, -147
-556, -145, -154
-554, -144, -162
-551, -143, -168
-548, -140, -175
-545, -138, -182
-542, -136, -190
-539, -133, -197
-535, -131, -203
-531, -128, -210
-526, -125, -217
-522, -122, -223
-517, -119, -231
-511, -117, -239
-505, -114, -246
-499, -112, -254
-493, -109, -262
-486, -107, -269
-479, -104, -275
-472, -102, -282
-464, -99, -288
-456, -96, -295
-448, -94, -301
-439, -92, -307
-430, -89, -314
-422, -87, -320
-412, -84, -325
-403, -82, -329
-393, -79, -334
-383, -77, -338
-373, -74, -342
-362, -71, -345
-351, -67, -348
-341, -64, -350
-330, -61, -353
-318, -58, -354
-306, -55, -354
-294, -52, -355
-281, -49, -355
-269, -46, -355
-257, -44, -354
-244, -41, -353
-232, -39, -352
-219, -36, -351
-207, -34, -349
-195, -31, -347
-183, -29, -345
-171, -27, -343
-159, -25, -340
-147, -23, -336
-136, -20, -332
-124, -18, -327
-113, -16, -323
-102, -14, -318
-91, -12, -312
-80, -10, -306
-70, -7, -300
-59, -5, -294
-50, -2, -287
-41, 0, -280
-32, 3, -273
-23, 6, -265
-15, 9, -257
-8, 12, -247
0, 15, -238
6, 19, -228
13, 22, -218
19, 26, -208
24, 30, -198
30, 34, -188
35, 37, -177
39, 41, -167
43, 46, -157
46, 50, -147
49, 54, -137
53, 58, -127
54, 62, -118
56, 67, -109
58, 71, -100
59, 76, -92
60, 80, -83
60, 84, -76
59, 88, -69
58, 92, -61
57, 96, -54
54, 100, -48
51, 104, -43
47, 108, -38
44, 113, -33
40, 117, -28
35, 121, -24
30, 126, -21
24, 130, -18
19, 134, -14
13, 138, -11
7, 142, -8
1, 146, -5
-4, 150, -2
-10, 154, 0
-17, 157, 1
-24, 161, 1
-32, 164, 2
-40, 167, 3
-48, 170, 3
-56, 173, 2
-64, 175, 0
-73, 178, 0
-81, 181, -1
-89, 183, -4
-97, 185, -6
-105, 187, -9
-113, 188, -12
-121, 190, -15
-130, 192, -20
-139, 193, -25
-148, 194, -30
-157, 195, -36
-166, 195, -42
-175, 193, -49
-185, 192, -56
-195, 190, -63
-204, 189, -71
-213, 186, -78
-223, 184, -85
-232, 181, -92
-241, 179, -100
-251, 175, -107
-261, 171, -114
-271, 166, -121
-281, 162, -128
-291, 158, -135
-300, 152, -141
-309, 146, -147
-317, 140, -153
-326, 134, -159
-335, 128, -164
-343, 121, -170
-351, 113, -175
-359, 106, -180
-368, 99, -186
-375, 91, -190
-382, 82, -195
-389, 74, -200
-396, 66, -204
-403, 57, -209
-410, 48, -213
-417, 38, -218
-424, 29, -222
-430, 19, -226
-436, 10, -229
-441, 0, -233
-446, -9, -236
-451, -20, -239
-456, -30, -242
-461, -40, -243
-466, -51, -245
-470, -62, -246
-475, -72, -248
-479, -83, -248
-483, -94, -249
-487, -105, -249
-491, -116, -250
-495, -127, -250
-499, -137, -248
-503, -147, -247
-507, -158, -245
-511, -168, -243
-513, -177, -241
-515, -186, -236
-517, -194, -232
-519, -202, -228
-520, -211, -224
-522, -218, -218
-524, -226, -212
-525, -233, -207
-527, -241, -201
-528, -248, -195
-529, -254, -189
-530, -260, -183
-531, -267, -177
-532, -273, -172
-533, -279, -166
-533, -285, -160
-533, -290, -154
-533, -296, -148
-534, -302, -142
-534, -306, -135
-534, -311, -129
-534, -316, -122
-534, -320, -116
-534, -324, -109
-534, -327, -102
-535, -331, -94
-535, -334, -87
-535, -337, -79
-534, -338, -72
-534, -340, -64
-533, -341, -57
-533, -343, -49
-533, -343, -41
-532, -343, -33
-532, -343, -24
-532, -343, -16
-532, -343, -7
-531, -341, 1
-530, -340, 9
-530, -338, 18
-529, -336, 26
-528, -333, 34
-529, -329, 42
-529, -325, 50
-529, -321, 58
-529, -317, 66
-528, -311, 73
-528, -305, 81
-527, -300, 88
-526, -294, 95
-526, -288, 102
-525, -281, 108
-525, -274, 114
-524, -267, 120
-524, -259, 126
-523, -252, 131
-523, -245, 136
-522, -237, 140
-521, -230, 145
-520, -223, 149
-519, -214, 153
-518, -205, 156
-517, -196, 160
-516, -187, 163
-515, -177, 166
-515, -167, 168
-514, -157, 170
-514, -146, 172
-513, -136, 174
-512, -126, 174
-512, -116, 174
-512, -106, 175
-511, -96, 175
-511, -85, 174
-510, -75, 171
-510, -65, 168
-509, -54, 166
-509, -44, 163
-508, -34, 159
-507, -24, 155
-506, -13, 151
-506, -3, 147
-504, 6, 142
-503, 16, 135
-501, 25, 129
-499, 35, 122
-497, 45, 116
-495, 53, 107
-492, 62, 99
-490, 71, 91
-487, 79, 82
-485, 87, 73
-481, 93, 63
-477, 100, 53
-473, 106, 43
-469, 113, 32
-464, 118, 21
-458, 123, 10
-452, 128, -1
-447, 132, -12
-441, 137, -24
-433, 139, -35
-426, 142, -47
-418, 144, -58
-411, 147, -70
-403, 149, -81
-394, 151, -91
-385, 152, -102
-376, 154, -113
-367, 156, -123
-356, 155, -132
-346, 155, -141
-335, 154, -151
-325, 154, -160
-314, 153, -168
-302, 152, -175
-291, 151, -182
-280, 150, -189
-269, 149, -197
-258, 147, -202
-247, 145, -207
-235, 144, -213
-224, 142, -218
-213, 141, -222
-201, 139, -224
-189, 137, -226
-177, 136, -228
-164, 134, -230
-153, 132, -231
-143, 131, -232
-132, 129, -233
-121, 127, -235
-111, 126, -235
-102, 124, -235
-94, 123, -234
-85, 122, -233
-76, 121, -232
-68, 121, -230
-61, 120, -228
-53, 120, -226
-46, 119, -223
-39, 119, -220
-33, 119, -216
-27, 120, -211
-21, 120, -206
-15, 120, -202
-10, 120, -196
-7, 121, -191
-4, 121, -185
-1, 121, -180
2, 122, -174
2, 123, -169
1, 125, -163
1, 127, -158
1, 128, -153
0, 130, -148
-2, 132, -145
-5, 134, -142
-8, 137, -138
-11, 139, -135
-16, 142, -132
-21, 145, -130
-26, 148, -128
-31, 150, -125
-37, 153, -124
-44, 155, -123
-52, 157, -122
-59, 159, -121
-66, 161, -121
-74, 163, -121
-83, 164, -122
-91, 165, -122
-100, 167, -123
-108, 168, -124
-119, 168, -126
-129, 168, -128
-139, 168, -130
-150, 168, -132
-160, 168, -134
-171, 167, -136
-182, 166, -138
-192, 165, -139
-203, 164, -141
-213, 162, -142
-224, 160, -144
-234, 158, -145
-244, 155, -147
-255, 153, -149
-265, 150, -150
-276, 147, -152
-286, 143, -154
-297, 140, -155
-307, 137, -156
-317, 134, -157
-328, 131, -158
-338, 128, -159
-348, 125, -160
-358, 122, -161
-368, 119, -162
-377, 116, -162
-387, 113, -163
-396, 109, -163
-404, 106, -163
-412, 103, -162
-421, 99, -162
-428, 96, -161
-436, 93, -159
-443, 90, -157
-450, 87, -154
-457, 84, -152
-463, 81, -150
-469, 79, -148
-475, 76, -146
-481, 74, -144
-487, 72, -142
-492, 71, -141
-497, 69, -139
-502, 68, -137
-507, 67, -136
-511, 65, -134
-514, 64, -133
-517, 63, -132
-520, 62, -131
-523, 61, -130
-525, 61, -131
-527, 60, -132
-529, 59, -132
-531, 59, -133
-531, 58, -134
-531, 58, -136
-531, 57, -139
-531, 57, -141
-531, 56, -143
-529, 56, -147
-528, 55, -152
-526, 55, -156
-524, 55, -161
-522, 54, -166
-518, 53, -171
-515, 52, -177
-511, 50, -183
-508, 49, -188
-503, 46, -196
-498, 44, -203
-493, 41, -211
-488, 39, -218
-481, 36, -226
-474, 32, -233
-467, 29, -241
-460, 26, -249
-453, 23, -256
-445, 18, -264
-437, 14, -273
-428, 10, -281
-420, 6, -289
-412, 2, -297
-401, -1, -305
-391, -6, -313
-380, -10, -321
-369, -14, -328
-358, -18, -335
-346, -23, -341
-335, -27, -347
-323, -31, -353
-311, -36, -358
-298, -39, -362
-286, -43, -365
-273, -46, -369
-260, -50, -372
-247, -53, -374
-235, -56, -375
-222, -59, -376
-209, -62, -377
-196, -65, -378
-183, -66, -376
-170, -67, -373
-156, -68, -371
-143, -69, -369
-131, -70, -366
-120, -69, -363
-108, -69, -359
-97, -68, -355
-86, -68, -351
-77, -66, -346
-68, -64, -341
-59, -62, -337
-50, -61, -332
-42, -58, -326
-35, -55, -321
-28, -51, -315
-21, -48, -310
-14, -44, -305
-10, -40, -299
-6, -35, -294
-3, -30, -288
0, -25, -283
3, -20, -278
4, -15, -273
4, -10, -269
5, -5, -265
5, 0, -260
4, 4, -256
1, 10, -253
0, 16, -249
-3, 21, -245
-5, 27, -242
-11, 32, -239
-17, 37, -236
-23, 42, -233
-29, 47, -230
-37, 52, -228
-46, 57, -226
-56, 61, -225
-65, 65, -223
-75, 70, -221
-85, 72, -221
-95, 75, -220
-106, 78, -220
-116, 80, -220
-127, 83, -220
-139, 86, -220
-151, 89, -220
-163, 91, -221
-174, 94, -221
-187, 94, -221
-200, 94, -222
-213, 94, -222
-227, 95, -223
-239, 94, -223
-252, 93, -224
-265, 92, -224
-277, 91, -224
-290, 90, -224
-301, 88, -224
-313, 85, -223
-325, 83, -223
-337, 80, -222
-348, 77, -221
-360, 74, -219
-371, 71, -217
-382, 67, -215
-393, 64, -213
-403, 60, -209
-413, 57, -206
-423, 53, -202
-432, 50, -198
-442, 47, -194
-450, 44, -188
-458, 42, -183
-466, 39, -177
-474, 37, -171
-481, 34, -164
-487, 31, -157
-493, 29, -150
-499, 26, -143
-505, 23, -135
-510, 20, -127
-515, 18, -120
-520, 15, -112
-525, 13, -104
-529, 10, -97
-533, 9, -90
-536, 7, -84
-539, 5, -77
-543, 3, -71
-546, 2, -66
-549, 1, -61
-553, 0, -56
-556, 0, -51
-559, -2, -46
-562, -3, -45
-564, -5, -43
-567, -7, -41
-570, -9, -39
-572, -10, -39
-573, -12, -40
-575, -13, -40
-576, -15, -41
-578, -16, -43
-578, -19, -46
-578, -21, -50
-578, -23, -54
-579, -25, -57
-578, -27, -62
-576, -30, -67
-574, -32, -73
-572, -34, -78
-570, -36, -84
-567, -39, -91
-564, -42, -97
-561, -45, -104
-558, -48, -111
-554, -51, -119
-549, -55, -128
-545, -59, -136
-540, -63, -145
-535, -67, -154
-529, -71, -164
-523, -76, -174
-516, -80, -183
-510, -85, -193
-504, -90, -203
-495, -94, -214
-487, -99, -224
-479, -104, -235
-470, -108, -245
-461, -114, -256
-450, -120, -267
-440, -125, -277
-429, -131, -288
-419, -136, -298
-405, -142, -304
-391, -147, -311
-377, -152, -317
-363, -158, -323
-349, -163, -327
-333, -167, -330
-318, -172, -333
-303, -177, -336
-288, -181, -339
-271, -185, -339
-255, -188, -338
-239, -192, -338
-223, -195, -337
-207, -197, -335
-191, -198, -331
-176, -198, -327
-160, -199, -323
-144, -200, -319
-130, -199, -313
-115, -198, -308
-101, -197, -302
-86, -196, -296
-73, -194, -290
-60, -191, -283
-48, -188, -276
-35, -184, -269
-22, -181, -262
-12, -175, -255
-1, -169, -247
8, -163, -240
19, -157, -233
28, -151, -225
36, -143, -217
43, -136, -209
51, -128, -200
59, -121, -192
64, -113, -184
68, -105, -177
72, -97, -170
77, -88, -163
81, -79, -156
82, -70, -150
84, -61, -145
85, -51, -139
86, -42, -134
85, -32, -129
83, -22, -126
80, -13, -122
78, -3, -118
75, 6, -115
68, 15, -115
60, 23, -115
52, 32, -115
45, 40, -115
35, 48, -116
25, 55, -118
14, 63, -119
3, 70, -121
-7, 77, -123
-20, 83, -125
-33, 88, -127
-46, 94, -129
-59, 99, -131
-72, 104, -134
-87, 107, -137
-101, 109, -140
-115, 112, -143
-129, 115, -147
-143, 116, -149
-159, 116, -151
-174, 117, -152
-189, 117, -154
-204, 117, -156
-219, 114, -156
-233, 112, -157
-248, 109, -157
-262, 107, -158
-276, 102, -159
-290, 98, -159
-303, 94, -160
-317, 90, -161
-331, 85, -162
-343, 81, -163
-356, 76, -165
-369, 71, -166
-381, 66, -168
-393, 60, -170
-403, 54, -172
-414, 48, -174
-424, 42, -177
-435, 35, -179
-442, 28, -183
-450, 20, -187
-457, 13, -191
-464, 5, -195
-469, -2, -199
-472, -10, -203
-475, -18, -206
-478, -27, -210
-481, -35, -213
-478, -43, -216
-475, -51, -220
-472, -59, -223
-468, -68, -226
-464, -76, -229
-457, -83, -231
-449, -90, -233
-442, -97, -235
-434, -104, -236
-425, -109, -239
-415, -114, -242
-405, -118, -244
-395, -123, -246
-385, -128, -249
-374, -129, -252
-363, -131, -254
-352, -133, -257
-340, -134, -259
-330, -134, -262
-319, -133, -267
-308, -132, -271
-297, -131, -275
-286, -129, -279
-278, -127, -285
-270, -125, -291
-263, -122, -297
-255, -120, -303
-248, -118, -310
-243, -117, -316
-238, -116, -323
-232, -115, -330
-227, -114, -336
-224, -115, -340
-222, -117, -344
-219, -118, -348
-216, -120, -351
-215, -121, -353
-215, -122, -353
-215, -123, -353
-214, -124, -352
-214, -125, -352
-216, -125, -348
-219, -125, -344
-221, -125, -340
-223, -125, -336
-226, -124, -333
-232, -124, -329
-237, -123, -326
-242, -123, -322
-247, -122, -318
-255, -122, -316
-263, -122, -313
-271, -121, -310
-280, -121, -307
-288, -121, -305
-297, -122, -304
-307, -123, -303
-316, -125, -302
-326, -126, -301
-335, -129, -301
-343, -133, -302
-352, -136, -302
-361, -140, -302
-369, -144, -303
-376, -150, -304
-382, -157, -305
-389, -163, -306
-396, -170, -307
-401, -178, -308
-404, -186, -309
-407, -194, -310
-411, -203, -311
-414, -211, -311
-412, -220, -310
-411, -228, -309
-409, -236, -308
-407, -245, -307
-403, -252, -306
-397, -259, -304
-391, -265, -302
-384, -272, -300
-378, -278, -298
-368, -281, -299
-358, -283, -299
-347, -285, -300
-337, -287, -300
-325, -288, -301
-313, -287, -303
-300, -287, -305
-287, -286, -307
-274, -285, -309
-261, -283, -310
-248, -281, -311
-235, -279, -312
-222, -277, -314
-209, -274, -315
-197, -270, -315
-185, -265, -316
-173, -261, -317
-161, -257, -318
-150, -251, -317
-139, -245, -316
-129, -239, -316
-118, -232, -315
-108, -226, -314
-100, -219, -313
-91, -212, -313
-83, -205, -312
-75, -197, -311
-68, -190, -310
-64, -182, -309
-59, -174, -309
-55, -166, -308
-50, -158, -307
-49, -149, -306
-48, -139, -305
-47, -130, -304
-46, -121, -303
-47, -113, -302
-49, -105, -302
-52, -97, -301
-55, -89, -301
-58, -81, -300
-64, -74, -300
-71, -67, -301
-78, -60, -301
-84, -53, -301
-92, -47, -301
-102, -42, -301
-112, -37, -300
-121, -32, -300
-131, -27, -300
-142, -25, -299
-153, -22, -297
-165, -19, -296
-176, -17, -295
-188, -15, -294
-200, -16, -293
-213, -16, -292
-225, -16, -291
-238, -16, -290
-250, -17, -290
-262, -19, -290
-274, -20, -289
-286, -22, -289
-299, -24, -289
-311, -27, -287
-324, -30, -286
-336, -33, -285
-348, -36, -284
-360, -40, -283
-372, -45, -281
-383, -50, -280
-395, -55, -278
-406, -60, -277
-417, -66, -275
-427, -71, -274
-437, -77, -273
-447, -83, -272
-456, -89, -271
-463, -95, -270
-470, -102, -269
-477, -109, -269
-484, -115, -268
-489, -123, -268
-493, -130, -269
-498, -138, -269
-502, -146, -269
-505, -153, -269
-507, -159, -270
-508, -166, -270
-509, -173, -270
-510, -180, -270
-509, -186, -271
-507, -192, -271
-505, -198, -271
-503, -204, -271
-499, -210, -272
-494, -215, -274
-488, -221, -275
-483, -226, -277
-477, -231, -279
-469, -235, -280
-461, -240, -282
-453, -244, -283
-444, -249, -285
-436, -253, -287
-426, -256, -289
-416, -260, -291
-405, -263, -293
-395, -267, -295
-384, -269, -296
-372, -271, -298
-361, -274, -299
-349, -276, -300
-337, -278, -301
-323, -279, -301
-309, -280, -302
-295, -281, -302
-281, -281, -303
-267, -281, -303
-253, -280, -302
-238, -279, -302
-224, -277, -302
-209, -276, -302
-195, -272, -299
-181, -267, -296
-167, -263, -293
-153, -258, -290
-139, -253, -287
-128, -246, -282
-116, -240, -277
-104, -233, -273
-92, -227, -268
-82, -219, -263
-72, -211, -257
-62, -202, -251
-52, -194, -246
-43, -186, -240
-34, -177, -234
-25, -168, -228
-17, -160, -221
-8, -151, -215
-2, -141, -209
4, -131, -204
10, -121, -198
17, -111, -192
22, -100, -186
25, -89, -181
29, -78, -175
32, -67, -169
35, -56, -163
35, -45, -158
35, -34, -153
35, -24, -148
35, -13, -142
35, -2, -138
32, 7, -134
29, 17, -130
26, 27, -126
23, 37, -122
19, 46, -119
13, 55, -117
8, 63, -114
2, 72, -112
-3, 81, -109
-12, 87, -108
-21, 94, -108
-30, 100, -107
-39, 107, -107
-49, 112, -107
-60, 116, -108
-71, 121, -108
-82, 125, -109
-93, 130, -110
-105, 131, -112
-117, 132, -114
-129, 133, -116
-141, 134, -119
-153, 133, -121
-166, 132, -123
-178, 131, -126
-190, 129, -128
-202, 128, -130
-214, 124, -132
-227, 121, -133
-239, 117, -135
-251, 114, -137
-263, 110, -138
-275, 105, -139
-287, 100, -140
-299, 96, -141
-311, 91, -142
-323, 86, -141
-334, 80, -140
-346, 74, -139
-358, 69, -138
-369, 63, -137
-379, 56, -134
-390, 49, -131
-400, 43, -129
-410, 36, -126
-419, 30, -123
-428, 23, -120
-437, 17, -117
-447, 10, -114
-456, 4, -111
-464, -1, -106
-472, -7, -102
-479, -14, -97
-487, -20, -93
-495, -26, -88
-502, -32, -82
-509, -38, -77
-516, -44, -72
-522, -50, -67
-527, -56, -60
-531, -61, -53
-536, -66, -46
-540, -72, -39
-544, -77, -32
-546, -82, -24
-549, -87, -17
-552, -92, -9
-555, -98, -1
-556, -101, 5
-556, -104, 12
-557, -108, 20
-558, -111, 27
-558, -114, 34
-558, -117, 40
-558, -119, 46
-558, -122, 52
-558, -124, 58
-558, -126, 62
-557, -128, 67
-557, -130, 72
-556, -132, 76
-556, -134, 80
-555, -135, 84
-554, -136, 87
-553, -138, 90
-552, -139, 94
-551, -140, 95
-550, -142, 97
-549, -143, 98
-549, -145, 100
-548, -146, 100
-547, -149, 99
-546, -152, 98
-545, -155, 97
-545, -158, 96
-544, -162, 94
-543, -167, 91
-542, -171, 89
-541, -176, 86
-540, -181, 84
-537, -187, 80
-535, -193, 76
-533, -199, 72
-531, -205, 68
-528, -212, 64
-524, -218, 58
-520, -224, 53
-517, -230, 48
-513, -237, 43
-509, -243, 35
-504, -250, 28
-500, -257, 21
-496, -264, 14
-491, -270, 6
-486, -277, -2
-480, -283, -11
-475, -289, -20
-470, -296, -29
-463, -302, -39
-457, -308, -48
-450, -314, -57
-444, -321, -67
-437, -326, -77
-428, -330, -86
-419, -335, -96
-409, -339, -106
-400, -343, -116
-389, -345, -125
-377, -347, -133
-366, -349, -142
-355, -351, -151
-343, -353, -160
-332, -353, -167
-320, -353, -175
-308, -353, -182
-296, -353, -190
-284, -352, -197
-272, -350, -203
-259, -348, -210
-247, -346, -216
-235, -343, -222
-222, -338, -226
-210, -333, -230
-198, -328, -234
-185, -322, -238
-173, -316, -241
-161, -308, -243
-149, -300, -245
-137, -292, -248
-125, -284, -250
-115, -273, -251
-106, -262, -252
-96, -251, -253
-86, -241, -254
-77, -229, -255
-69, -218, -254
-61, -206, -253
-52, -195, -252
-44, -183, -251
-37, -171, -248
-30, -159, -246
-23, -147, -243
-17, -134, -240
-11, -122, -237
-6, -109, -233
-2, -97, -230
2, -84, -226
6, -71, -222
8, -59, -217
9, -46, -212
10, -34, -207
12, -21, -202
13, -9, -197
10, 1, -191
8, 12, -185
5, 23, -179
3, 33, -173
0, 43, -167
-5, 52, -162
-10, 61, -157
-15, 71, -152
-20, 80, -146
-27, 87, -143
-35, 94, -139
-43, 101, -135
-51, 108, -131
-60, 113, -128
-70, 117, -126
-81, 121, -123
-91, 125, -121
-101, 129, -118
-114, 129, -117
-127, 130, -116
-139, 130, -115
-152, 131, -114
-164, 129, -113
-177, 126, -112
-190, 123, -112
-203, 120, -111
-216, 117, -110
-228, 111, -110
-240, 106, -109
-252, 100, -108
-264, 95, -107
-276, 89, -106
-288, 82, -105
-300, 74, -104
-312, 67, -103
-324, 60, -102
-336, 52, -102
-347, 44, -101
-359, 36, -101
-370, 28, -100
-382, 20, -99
-392, 12, -97
-403, 4, -96
-413, -3, -94
-424, -11, -92
-434, -19, -90
-443, -25, -87
-452, -32, -84
-462, -39, -81
-471, -46, -79
-478, -49, -75
-486, -53, -72
-493, -57, -69
-500, -60, -66
-507, -63, -63
-513, -65, -60
-519, -67, -57
-525, -70, -54
-532, -72, -52
-535, -73, -51
-539, -74, -51
-543, -75, -50
-546, -76, -50
-548, -76, -50
-548, -77, -52
-548, -77, -55
-549, -78, -57
-549, -79, -59
-545, -78, -63
-542, -78, -68
-538, -78, -72
-534, -77, -77
-531, -76, -81
-524, -75, -87
-517, -73, -92
-510, -71, -97
-503, -70, -103
-494, -67, -107
-484, -65, -112
-473, -62, -116
-463, -60, -120
-452, -58, -125
-440, -53, -129
-429, -48, -133
-417, -43, -136
-405, -39, -140
-393, -33, -143
-381, -26, -146
-370, -19, -148
-358, -13, -151
-346, -6, -153
-335, 1, -156
-325, 9, -158
-314, 16, -161
-304, 24, -164
-294, 31, -167
-286, 38, -172
-278, 44, -177
-270, 51, -181
-262, 57, -186
-257, 60, -192
-253, 63, -198
-249, 66, -204
-245, 69, -210
-242, 70, -215
-240, 70, -220
-238, 69, -226
-237, 69, -231
-235, 68, -236
-234, 66, -238
-234, 63, -240
-234, 61, -242
-233, 58, -243
-234, 57, -243
-236, 55, -241
-237, 54, -238
-239, 53, -236
-241, 52, -233
-244, 52, -230
-247, 53, -227
-250, 54, -224
-253, 54, -221
-256, 55, -219
-260, 56, -217
-263, 58, -216
-267, 59, -215
-271, 61, -214
-274, 61, -215
-277, 61, -216
-280, 61, -218
-283, 61, -219
-286, 61, -221
-287, 60, -222
-288, 59, -223
-289, 58, -225
-290, 57, -226
-291, 55, -228
-290, 53, -229
-290, 51, -231
-289, 50, -233
-289, 48, -234
-286, 45, -235
-284, 42, -235
-281, 40, -235
-278, 37, -236
-275, 35, -235
-270, 33, -233
-265, 30, -231
-260, 28, -229
-255, 26, -227
-249, 25, -223
-243, 25, -219
-236, 25, -215
-230, 24, -212
-223, 25, -208
-216, 27, -204
-208, 30, -200
-201, 32, -197
-193, 34, -193
-188, 38, -192
-182, 42, -190
-176, 45, -188
-170, 49, -187
-164, 53, -186
-159, 56, -186
-154, 59, -187
-149, 62, -187
-144, 65, -188
-140, 68, -188
-137, 70, -188
-134, 72, -188
-130, 74, -187
-127, 76, -186
-128, 77, -183
-129, 78, -179
-130, 78, -176
-131, 79, -172
-135, 81, -167
-142, 83, -161
-149, 84, -155
-156, 86, -149
-162, 88, -143
-173, 89, -137
-183, 91, -131
-193, 92, -124
-203, 93, -118
-214, 94, -111
-226, 94, -105
-238, 95, -99
-250, 95, -92
-262, 95, -86
-274, 95, -81
-287, 94, -76
-300, 94, -71
-312, 93, -66
-325, 92, -62
-337, 91, -59
-349, 90, -55
-361, 90, -52
-373, 89, -49
-383, 87, -46
-393, 85, -43
-403, 83, -40
-413, 81, -37
-422, 80, -34
-431, 78, -31
-439, 76, -27
-447, 74, -24
-456, 71, -20
-462, 70, -17
-468, 68, -14
-474, 66, -11
-480, 65, -7
-486, 64, -3
-490, 63, 0
-495, 63, 2
-499, 63, 5
-503, 63, 8
-507, 63, 11
-510, 64, 13
-513, 64, 14
-516, 65, 16
-519, 66, 18
-519, 67, 16
-518, 68, 14
-518, 69, 12
-518, 70, 10
-516, 71, 6
-512, 72, 2
-508, 73, -2
-505, 74, -7
-501, 75, -11
-495, 75, -20
-488, 75, -28
-481, 74, -36
-474, 74, -44
-466, 74, -53
-456, 72, -62
-446, 71, -72
-436, 69, -82
-426, 68, -91
-415, 66, -101
-404, 64, -110
-392, 62, -119
-381, 60, -129
-369, 58, -138
-356, 56, -145
-343, 54, -153
-329, 52, -160
-316, 50, -168
-303, 48, -174
-290, 47, -179
-277, 46, -184
-263, 45, -190
-250, 43, -195
-238, 43, -197
-225, 43, -199
-213, 42, -202
-201, 42, -204
-189, 42, -205
-179, 43, -205
-169, 44, -205
-158, 45, -204
-148, 46, -204
-139, 47, -204
-131, 48, -204
-123, 50, -204
-115, 51, -203
-106, 52, -203
-101, 53, -202
-95, 54, -200
-90, 55, -199
-84, 56, -198
-82, 58, -196
-80, 59, -194
-79, 59, -192
-77, 60, -190
-77, 61, -187
-79, 61, -183
-81, 62, -180
-83, 62, -177
-86, 62, -174
-90, 63, -169
-96, 64, -165
-102, 64, -160
-109, 65, -155
-115, 65, -151
-125, 66, -145
-135, 66, -140
-144, 66, -135
-154, 66, -129
-165, 66, -125
-177, 65, -121
-189, 65, -117
-201, 64, -113
-213, 63, -109
-227, 61, -107
-240, 59, -105
-254, 57, -104
-268, 54, -102
-282, 51, -102
-296, 47, -103
-310, 42, -104
-324, 38, -105
-338, 33, -106
-351, 27, -110
-365, 20, -113
-379, 14, -116
-393, 7, -120
-405, 0, -123
-417, -8, -125
-428, -16, -127
-440, -25, -129
-452, -33, -132
-461, -42, -131
-471, -50, -130
-481, -59, -129
-491, -67, -128
-501, -76, -126
-507, -83, -122
-514, -90, -118
-520, -97, -113
-527, -104, -109
-532, -110, -103
-536, -114, -96
-539, -118, -90
-543, -122, -83
-546, -126, -77
-548, -128, -71
-550, -129, -66
-552, -130, -60
-554, -131, -55
-556, -131, -51
-556, -130, -48
-557, -128, -46
-558, -126, -44
-558, -125, -42
-557, -122, -44
-556, -119, -46
-555, -117, -48
-554, -114, -51
-552, -112, -55
-548, -110, -60
-544, -109, -65
-540, -107, -71
-537, -105, -76
-529, -104, -82
-520, -102, -87
-512, -101, -92
-504, -100, -98
-496, -98, -102
-485, -96, -106
-475, -94, -110
-465, -91, -114
-454, -89, -118
-443, -85, -121
-430, -82, -124
-418, -78, -127
-405, -74, -130
-393, -71, -134
-379, -65, -137
-366, -60, -141
-353, -55, -144
-339, -49, -147
-326, -44, -151
-312, -39, -154
-299, -34, -157
-285, -29, -161
-271, -24, -164
-260, -19, -168
-249, -13, -173
-238, -8, -178
-226, -2, -182
-216, 2, -187
-208, 6, -192
-199, 11, -197
-190, 15, -202
-181, 20, -206
-175, 23, -211
-168, 26, -216
-162, 29, -220
-156, 31, -225
-151, 33, -229
-147, 33, -231
-143, 34, -234
-140, 34, -237
-136, 35, -239
-135, 34, -239
-135, 32, -238
-134, 31, -238
-133, 30, -237
-134, 29, -235
-137, 28, -232
-139, 27, -229
-142, 26, -225
-144, 24, -222
-152, 24, -218
-159, 21, -213
-167, 19, -209
-174, 17, -205
-182, 15, -201
-191, 11, -197
-201, 7, -193
-211, 3, -188
-221, 0, -184
-231, -5, -181
-243, -11, -177
-255, -16, -173
-267, -22, -170
-279, -27, -166
-291, -34, -163
-304, -41, -160
-316, -48, -157
-328, -55, -153
-341, -62, -150
-354, -68, -146
-367, -75, -142
-379, -81, -138
-392, -88, -134
-403, -95, -129
-414, -102, -125
-425, -109, -121
-437, -116, -117
-446, -122, -111
-455, -128, -105
-463, -134, -99
-472, -139, -93
-480, -145, -87
-485, -149, -79
-491, -153, -72
-496, -156, -64
-501, -160, -57
-505, -162, -50
-508, -163, -43
-511, -164, -36
-514, -165, -30
-516, -166, -23
-517, -164, -17
-518, -162, -12
-520, -160, -7
-521, -158, -1
-522, -155, 3
-522, -151, 7
-522, -146, 10
-522, -142, 13
-521, -137, 17
-521, -132, 18
-521, -125, 19
-521, -118, 20
-521, -112, 21
-521, -105, 21
-520, -98, 20
-520, -90, 18
-519, -83, 16
-519, -76, 14
-517, -68, 11
-514, -60, 6
-511, -51, 1
-508, -43, -3
-505, -35, -8
-500, -28, -17
-496, -22, -25
-491, -15, -33
-486, -9, -41
-478, -4, -51
-469, 0, -61
-459, 2, -71
-449, 5, -82
-440, 8, -92
-427, 10, -101
-415, 12, -111
-402, 13, -120
-389, 15, -130
-377, 15, -139
-364, 15, -147
-351, 15, -156
-337, 14, -164
-324, 14, -173
-312, 12, -178
-298, 11, -184
-285, 11, -190
-272, 10, -196
-259, 9, -201
-246, 8, -203
-234, 8, -205
-221, 8, -207
-208, 7, -210
-196, 7, -210
-185, 8, -209
-174, 8, -209
-164, 8, -208
-153, 9, -208
-144, 10, -205
-136, 10, -202
-127, 11, -200
-118, 12, -197
-110, 13, -194
-103, 14, -191
-95, 16, -187
-87, 17, -184
-80, 19, -181
-75, 21, -178
-69, 24, -175
-64, 27, -172
-59, 29, -168
-56, 32, -165
-55, 33, -162
-55, 35, -158
-54, 37, -155
-53, 39, -152
-56, 40, -147
-59, 41, -143
-62, 42, -139
-65, 42, -135
-70, 44, -131
-79, 46, -127
-88, 47, -123
-97, 49, -119
-105, 50, -115
-117, 51, -113
-130, 51, -110
-142, 52, -107
-155, 52, -104
-167, 52, -102
-181, 51, -102
-194, 50, -101
-208, 48, -100
-221, 47, -100
-235, 44, -102
-249, 40, -103
-263, 35, -105
-277, 31, -107
-290, 26, -108
-304, 20, -111
-317, 13, -113
-330, 6, -116
-344, 0, -119
-356, -7, -121
-368, -16, -123
-380, -24, -126
-391, -32, -128
-403, -41, -131
-412, -50, -130
-421, -60, -130
-431, -69, -130
-440, -79, -130
-449, -88, -129
-457, -97, -126
-466, -105, -123
-474, -114, -120
-482, -123, -118
-488, -129, -111
-494, -135, -105
-500, -141, -99
-506, -147, -93
-511, -152, -86
-513, -154, -78
-516, -156, -71
-518, -158, -63
-521, -161, -55
-522, -160, -49
-524, -158, -43
-525, -156, -37
-526, -154, -30
-527, -152, -24
-527, -148, -22
-526, -143, -19
-525, -139, -17
-525, -135, -14
-524, -130, -13
-522, -124, -14
-520, -119, -14
-518, -113, -15
-516, -107, -15
-513, -102, -19
-509, -96, -22
-506, -90, -25
-503, -84, -28
-498, -79, -33
-491, -74, -38
-485, -69, -43
-478, -65, -48
-472, -60, -53
-462, -57, -58
-451, -53, -63
-441, -50, -68
-431, -46, -73
-420, -42, -77
-408, -37, -82
-396, -31, -87
-384, -26, -91
-371, -21, -96
-360, -13, -99
-348, -6, -102
-336, 1, -105
-324, 9, -109
-312, 17, -112
-302, 25, -115
-291, 33, -118
-280, 42, -122
-270, 50, -125
-263, 56, -130
-256, 63, -136
-249, 69, -141
-242, 76, -146
-235, 81, -152
-233, 83, -157
-230, 86, -163
-228, 89, -168
-226, 92, -174
-224, 93, -178
-223, 92, -183
-223, 90, -188
-222, 89, -192
-221, 88, -197
-223, 84, -197
-224, 80, -198
-226, 76, -198
-227, 72, -198
-229, 67, -198
-232, 62, -196
-234, 57, -194
-237, 52, -192
-239, 47, -191
-243, 44, -187
-247, 41, -183
-251, 38, -178
-255, 35, -174
-259, 34, -171
-265, 34, -167
-271, 35, -163
-277, 35, -160
-283, 35, -156
-291, 38, -155
-300, 40, -154
-308, 42, -154
-316, 45, -153
-324, 46, -153
-331, 46, -156
-338, 45, -158
-345, 45, -160
-351, 44, -162
-356, 41, -168
-360, 38, -174
-364, 34, -180
-368, 31, -186
-372, 26, -192
-372, 21, -198
-372, 16, -205
-372, 10, -211
-371, 5, -218
-368, 0, -222
-363, -4, -227
-358, -10, -232
-354, -15, -236
-349, -19, -240
-342, -22, -243
-334, -25, -247
-326, -28, -250
-319, -31, -253
-311, -33, -254
-302, -32, -255
-293, -31, -255
-284, -31, -256
-275, -30, -257
-265, -26, -257
-256, -22, -257
-246, -17, -257
-237, -13, -257
-228, -8, -256
-220, -3, -256
-212, 2, -255
-204, 7, -254
-197, 12, -253
-191, 17, -254
-186, 21, -256
-181, 25, -257
-175, 30, -258
-171, 33, -259
-169, 34, -259
-167, 36, -259
-165, 37, -259
-163, 39, -260
-162, 38, -259
-162, 37, -258
-162, 36, -258
-162, 35, -257
-164, 35, -256
-167, 32, -254
-170, 30, -253
-173, 27, -251
-175, 25, -249
-182, 23, -247
-190, 22, -243
-197, 20, -239
-205, 18, -235
-213, 17, -232
-224, 16, -226
-235, 16, -220
-247, 16, -214
-258, 15, -209
-270, 14, -203
-282, 12, -196
-295, 10, -189
-307, 8, -182
-319, 7, -175
-330, 4, -166
-342, 2, -158
-353, 0, -149
-364, -2, -141
-374, -5, -132
-383, -7, -122
-392, -10, -113
-401, -13, -103
-410, -15, -94
-417, -18, -84
-423, -21, -74
-430, -24, -65
-437, -28, -55
-442, -30, -46
-446, -32, -37
-450, -33, -28
-455, -35, -19
-459, -37, -10
-461, -37, 0
-463, -38, 9
-466, -39, 19
-469, -40, 29
-470, -40, 38
-472, -38, 46
-474, -36, 54
-476, -35, 62
-478, -33, 70
-479, -28, 76
-478, -23, 81
-478, -17, 87
-477, -12, 92
-477, -6, 97
-473, 1, 100
-469, 9, 102
-465, 17, 105
-462, 25, 107
-455, 33, 109
-447, 40, 110
-438, 48, 112
-430, 55, 113
-421, 62, 114
-410, 67, 113
-398, 72, 112
-387, 77, 111
-375, 82, 110
-363, 87, 108
-351, 92, 106
-338, 97, 104
-326, 102, 102
-314, 107, 99
-302, 110, 96
-290, 114, 92
-279, 117, 89
-267, 121, 85
-257, 124, 81
-248, 127, 77
-240, 130, 72
-231, 134, 68
-222, 137, 64
-216, 140, 58
-211, 143, 52
-207, 147, 46
-202, 150, 40
-197, 153, 33
-195, 154, 26
-192, 156, 18
-190, 158, 11
-187, 159, 3
-185, 160, -3
-184, 161, -11
-182, 162, -19
-181, 163, -28
-180, 164, -34
-178, 162, -41
-176, 161, -48
-175, 159, -55
-173, 158, -61
-173, 154, -67
-174, 149, -72
-174, 144, -76
-175, 139, -80
-176, 134, -85
-180, 126, -87
-185, 117, -89
-189, 109, -91
-194, 100, -92
-200, 91, -94
-207, 81, -96
-214, 72, -98
-222, 62, -100
-229, 52, -102
-239, 42, -104
-248, 32, -106
-258, 22, -108
-267, 12, -110
-277, 1, -113
-287, -8, -115
-297, -19, -117
-306, -30, -119
-316, -41, -121
-325, -51, -122
-334, -62, -123
-344, -73, -124
-353, -84, -125
-362, -95, -127
-370, -107, -127
-378, -119, -128
-386, -131, -129
-394, -143, -129
-400, -155, -128
-405, -168, -127
-410, -180, -125
-415, -192, -123
-420, -204, -120
-422, -215, -115
-425, -227, -110
-427, -238, -105
-430, -250, -100
-431, -260, -93
-431, -270, -85
-431, -280, -77
-431, -289, -69
-431, -299, -61
-430, -305, -49
-429, -310, -38
-428, -316, -27
-427, -322, -15
-426, -325, -3
-425, -327, 8
-424, -328, 20
-422, -330, 33
-421, -331, 45
-419, -325, 57
-417, -320, 68
-414, -314, 79
-412, -309, 91
-410, -301, 100
-408, -291, 108
-407, -281, 116
-406, -271, 124
-404, -261, 132
-403, -249, 136
-401, -237, 140
-400, -225, 144
-399, -213, 148
-398, -200, 151
-396, -188, 150
-395, -176, 149
-394, -163, 148
-393, -151, 146
-390, -139, 141
-386, -129, 134
-382, -119, 127
-378, -108, 120
-374, -98, 113
-367, -89, 105
-360, -81, 97
-353, -72, 89
-346, -64, 81
-338, -56, 72
-330, -49, 63
-321, -41, 53
-312, -34, 44
-304, -26, 35
-295, -19, 24
-285, -12, 14
-276, -6, 4
-267, 0, -5
-257, 7, -14
-248, 12, -23
-238, 17, -32
-229, 23, -41
-219, 28, -50
-210, 33, -56
-201, 39, -62
-192, 44, -68
-183, 49, -75
-174, 53, -81
-166, 58, -86
-158, 62, -92
-150, 66, -98
-142, 70, -104
-136, 72, -109
-130, 74, -113
-125, 76, -118
-120, 79, -123
-114, 80, -126
-111, 79, -129
-108, 79, -131
-105, 79, -133
-101, 78, -136
-99, 77, -135
-98, 75, -136
-97, 74, -137
-97, 72, -138
-96, 70, -138
-98, 67, -137
-100, 65, -136
-102, 62, -135
-104, 59, -133
-108, 56, -130
-115, 52, -126
-121, 49, -121
-127, 45, -116
-133, 42, -112
-143, 38, -107
-153, 34, -103
-163, 30, -99
-172, 26, -94
-183, 21, -90
-194, 15, -86
-205, 9, -82
-216, 4, -79
-227, -1, -75
-239, -7, -70
-251, -13, -66
-263, -19, -62
-275, -25, -58
-287, -32, -55
-299, -38, -52
-312, -44, -49
-324, -51, -46
-336, -57, -43
-348, -65, -44
-361, -72, -44
-373, -79, -44
-386, -87, -45
-398, -95, -45
-409, -102, -43
-419, -109, -41
-430, -116, -40
-441, -123, -38
-450, -130, -34
-457, -135, -30
-465, -141, -26
-472, -147, -22
-480, -153, -18
-484, -155, -14
-488, -157, -11
-492, -159, -7
-496, -161, -3
-499, -161, -1
-500, -160, 0
-501, -159, 3
-503, -157, 5
-504, -156, 7
-502, -153, 6
-500, -150, 4
-498, -147, 3
-496, -144, 2
-493, -139, 1
-487, -136, -2
-482, -132, -7
-476, -129, -11
-470, -125, -16
-463, -120, -20
-453, -116, -25
-444, -112, -30
-435, -108, -34
-426, -103, -39
-415, -97, -43
-404, -92, -47
-392, -86, -51
-381, -80, -55
-370, -74, -60
-358, -67, -63
-346, -60, -67
-333, -53, -70
-321, -47, -74
-310, -38, -77
-298, -30, -81
-287, -22, -84
-275, -14, -88
-263, -6, -91
-252, 1, -93
-240, 9, -96
-229, 17, -98
-217, 25, -101
-206, 33, -105
-197, 41, -108
-187, 49, -112
-177, 57, -115
-168, 64, -119
-162, 70, -124
-156, 76, -129
-150, 82, -134
-144, 88, -139
-140, 90, -143
-137, 92, -148
-133, 94, -153
-130, 96, -157
-127, 97, -160
-127, 95, -163
-127, 93, -166
-127, 91, -169
-127, 89, -172
-128, 86, -171
-131, 82, -170
-133, 78, -170
-136, 74, -170
-139, 70, -169
-144, 68, -165
-149, 66, -161
-155, 64, -157
-160, 61, -153
-168, 60, -147
-177, 60, -140
-186, 60, -133
-195, 60, -125
-204, 60, -118
-215, 60, -110
-227, 60, -102
-238, 60, -94
-249, 60, -86
-262, 60, -78
-273, 60, -71
-285, 61, -64
-297, 61, -57
-309, 62, -50
-320, 62, -45
-331, 62, -39
-342, 63, -33
-353, 63, -27
-363, 64, -22
-373, 64, -19
-384, 64, -16
-394, 65, -13
-404, 65, -10
-414, 64, -10
-422, 64, -11
-431, 63, -13
-439, 62, -14
-448, 62, -16
-453, 59, -21
-458, 56, -26
-464, 53, -31
-469, 50, -35
-472, 47, -41
-473, 44, -47
-474, 40, -53
-475, 37, -59
-476, 34, -65
-472, 32, -70
-469, 30, -75
-465, 28, -79
-461, 25, -84
-457, 25, -88
-451, 25, -92
-445, 25, -95
-439, 25, -98
-433, 25, -102
-426, 27, -105
-418, 28, -107
-411, 30, -110
-403, 31, -113
-396, 33, -118
-388, 35, -124
-380, 36, -130
-372, 38, -136
-364, 40, -142
-355, 42, -149
-345, 44, -156
-336, 46, -162
-327, 48, -169
-317, 50, -176
-309, 51, -183
-300, 53, -191
-292, 54, -198
-283, 56, -206
-276, 58, -213
-271, 59, -220
-265, 61, -227
-259, 63, -233
-254, 65, -240
-251, 67, -242
-248, 70, -245
-245, 72, -247
-242, 75, -250
-239, 76, -248
-237, 77, -243
-235, 78, -239
-232, 79, -234
-230, 80, -229
-229, 81, -219
-227, 82, -209
-226, 83, -199
-224, 84, -189
-224, 84, -178
-224, 83, -164
-224, 82, -151
-224, 81, -137
-224, 80, -124
-226, 77, -109
-227, 74, -95
-228, 70, -80
-230, 67, -65
-231, 64, -51
-232, 59, -37
-233, 54, -23
-233, 49, -9
-234, 44, 4
-234, 38, 17
-235, 31, 30
-235, 25, 42
-235, 19, 55
-236, 12, 68
-236, 5, 80
-237, -1, 93
-237, -8, 105
-238, -16, 118
-239, -23, 129
-241, -32, 140
-243, -40, 150
-245, -49, 160
-247, -58, 171
-251, -67, 180
-255, -76, 189
-258, -84, 198
-262, -93, 207
-265, -104, 214
-268, -115, 220
-272, -127, 226
-276, -139, 232
-279, -150, 237
-281, -163, 238
-283, -175, 238
-285, -188, 239
-288, -201, 239
-290, -213, 237
-292, -222, 231
-295, -231, 225
-298, -240, 218
-301, -249, 212
-303, -254, 203
-304, -257, 193
-306, -260, 182
-308, -263, 172
-309, -265, 161
-310, -263, 148
-311, -261, 135
-312, -258, 122
-313, -256, 109
-313, -250, 97
-313, -244, 84
-313, -237, 72
-312, -230, 59
-312, -224, 47
-311, -215, 35
-310, -206, 24
-308, -197, 12
-307, -188, 1
-306, -179, -9
-305, -169, -19
-305, -158, -29
-304, -148, -39
-304, -138, -49
-304, -126, -57
-305, -115, -66
-306, -103, -74
-306, -92, -83
-308, -79, -90
-309, -67, -94
-311, -54, -99
-313, -41, -104
-315, -28, -108
-315, -16, -108
-316, -5, -108
-317, 5, -108
-318, 17, -107
-318, 28, -105
-319, 39, -101
-319, 50, -96
-320, 61, -92
-320, 72, -88
-320, 82, -80
-320, 89, -73
-319, 96, -66
-319, 104, -58
-319, 111, -51
-317, 113, -41
-315, 115, -30
-313, 117, -20
-312, 119, -10
-310, 117, 0
-307, 112, 10
-305, 106, 21
-302, 101, 32
-300, 96, 43
-298, 86, 54
-296, 77, 65
-294, 67, 77
-292, 58, 88
-291, 47, 99
-290, 35, 108
-290, 23, 118
-289, 12, 128
-288, 0, 138
-290, -11, 146
-291, -24, 155
-292, -36, 163
-293, -48, 172
-295, -61, 180
-297, -74, 187
-299, -87, 195
-301, -100, 202
-303, -113, 210
-304, -127, 215
-305, -141, 221
-306, -155, 227
-307, -169, 232
-308, -183, 236
-309, -198, 237
-311, -212, 237
-313, -226, 238
-314, -241, 239
-317, -253, 234
-320, -265, 229
-323, -277, 223
-327, -289, 217
-330, -300, 211
-333, -308, 202
-337, -317, 192
-340, -325, 183
-343, -333, 174
-346, -338, 163
-349, -340, 151
-352, -342, 139
-354, -344, 128
-357, -345, 116
-359, -341, 103
-361, -337, 91
-363, -333, 78
-364, -329, 66
-366, -323, 54
-368, -314, 42
-369, -305, 31
-371, -296, 20
-372, -287, 9
-374, -276, -1
-374, -266, -12
-375, -255, -23
-375, -244, -34
-376, -233, -44
-376, -220, -54
-375, -208, -64
-374, -196, -74
